date,AWND,PRCP,SNOW,SNWD,TAVG,TMAX,TMIN,WSF2,WSF5
2019-05-01,5.166666666666667,0.01761904761904762,0.0,0.0,51.0,53.82608695652174,38.391304347826086,15.033333333333333,19.150000000000002
2019-05-02,6.966666666666666,0.09534653465346535,0.0,0.0,48.0,53.26086956521739,42.869565217391305,13.883333333333333,17.516666666666666
2019-05-03,4.716666666666667,0.06902912621359224,0.0,0.0,48.0,52.17391304347826,43.130434782608695,13.066666666666668,16.516666666666666
2019-05-04,4.1000000000000005,0.20069306930693068,0.0,0.0,52.0,57.04545454545455,45.72727272727273,10.316666666666666,12.549999999999999
2019-05-05,5.733333333333333,0.03898989898989899,0.0,0.0,50.0,56.82608695652174,46.95652173913044,11.383333333333333,14.883333333333333
2019-05-06,8.5,0.056600000000000004,0.0,0.0,52.0,57.21739130434783,45.30434782608695,16.21666666666667,22.016666666666666
2019-05-07,8.549999999999999,0.014519230769230769,0.0,0.0,58.0,67.08695652173913,39.130434782608695,21.166666666666668,28.28333333333333
2019-05-08,7.0200000000000005,0.14759259259259258,0.0,0.0,58.0,70.1304347826087,44.78260869565217,16.666666666666668,21.78333333333333
2019-05-09,7.55,9.80392156862745e-05,0.0,0.0,52.0,63.56521739130435,38.130434782608695,16.216666666666665,20.633333333333333
2019-05-10,9.633333333333333,0.0052525252525252525,0.0,0.0,55.0,61.78260869565217,46.30434782608695,19.416666666666668,24.983333333333334
2019-05-11,10.066666666666666,0.036336633663366334,0.0,0.0,64.0,64.73913043478261,49.869565217391305,20.3,26.349999999999998
2019-05-12,4.366666666666666,0.059081632653061225,0.0,0.0,51.0,61.40909090909091,43.57142857142857,15.216666666666667,21.166666666666668
2019-05-13,11.049999999999999,0.4303061224489796,0.0,0.0,49.0,52.82608695652174,40.30434782608695,22.316666666666666,28.71666666666667
2019-05-14,8.016666666666667,0.6648571428571429,0.0,0.0,45.0,52.34782608695652,39.91304347826087,16.883333333333336,22.75
2019-05-15,7.166666666666667,0.08278846153846153,0.0,0.0,51.0,52.391304347826086,41.47826086956522,17.7,24.983333333333334
2019-05-16,4.583333333333333,0.015660377358490567,0.0,0.0,57.0,62.65217391304348,43.130434782608695,13.883333333333333,17.7
2019-05-17,5.016666666666667,0.02330097087378641,0.0,0.0,55.0,66.26086956521739,43.91304347826087,13.066666666666668,18.0
2019-05-18,8.783333333333333,0.135625,0.0,0.0,62.0,67.8695652173913,48.130434782608695,18.849999999999998,25.28333333333333
2019-05-19,11.683333333333332,0.016979166666666667,0.0,0.0,60.0,72.56521739130434,49.82608695652174,24.96666666666667,31.03333333333333
2019-05-20,11.450000000000001,0.21670103092783505,0.0,0.0,73.0,77.78260869565217,57.52173913043478,24.083333333333332,32.03333333333333
2019-05-21,16.133333333333333,0.1732,0.0,0.0,67.0,78.26086956521739,54.391304347826086,28.96666666666667,40.516666666666666
2019-05-22,10.65,0.0,0.0,0.0,61.0,68.69565217391305,50.34782608695652,20.033333333333335,28.733333333333334
2019-05-23,12.133333333333333,0.011250000000000001,0.0,0.0,61.0,69.65217391304348,49.21739130434783,22.816666666666666,30.733333333333334
2019-05-24,12.850000000000001,0.17272727272727273,0.0,0.0,65.0,69.47826086956522,52.17391304347826,30.883333333333336,42.65
2019-05-25,8.35,0.005789473684210527,0.0,0.0,61.0,71.9090909090909,44.77272727272727,21.833333333333332,27.619999999999997
2019-05-26,10.049999999999999,0.23383838383838382,0.0,0.0,71.0,79.95652173913044,49.391304347826086,24.166666666666668,32.21666666666667
2019-05-27,6.816666666666666,0.0013402061855670104,0.0,0.0,69.0,82.52173913043478,55.95652173913044,15.4,21.683333333333334
2019-05-28,9.016666666666667,0.0386734693877551,0.0,0.0,58.0,70.34782608695652,51.130434782608695,17.666666666666668,23.133333333333336
2019-05-29,6.516666666666667,0.34504854368932036,0.0,0.0,52.0,56.608695652173914,46.869565217391305,15.666666666666666,20.5
2019-05-30,5.816666666666666,0.06202020202020202,0.0,0.0,56.0,58.78260869565217,47.78260869565217,14.549999999999999,18.183333333333334
2019-05-31,6.933333333333334,0.19448979591836735,0.0,0.0,63.0,69.08695652173913,52.43478260869565,16.666666666666668,21.366666666666664
2019-06-01,5.566666666666666,0.0010526315789473684,0.0,0.0,60.0,73.1304347826087,52.56521739130435,14.700000000000001,18.883333333333336
2019-06-02,5.883333333333333,0.03831578947368421,0.0,0.0,56.0,73.31818181818181,52.27272727272727,17.366666666666667,22.7
2019-06-03,13.0,0.28240000000000004,0.0,0.0,64.0,71.82608695652173,50.869565217391305,28.683333333333334,37.78333333333333
2019-06-04,7.633333333333333,0.0003773584905660377,0.0,0.0,63.0,69.95652173913044,44.21739130434783,18.666666666666668,25.166666666666668
2019-06-05,10.266666666666667,0.015192307692307692,0.0,0.0,71.0,75.08695652173913,53.52173913043478,19.333333333333332,26.650000000000002
2019-06-06,7.1,0.3309708737864078,0.0,0.0,70.0,79.45454545454545,60.77272727272727,16.86,21.78
2019-06-07,6.25,0.017373737373737375,0.0,0.0,68.0,77.47826086956522,56.08695652173913,15.549999999999999,19.516666666666666
2019-06-08,6.866666666666667,0.0,0.0,0.0,68.0,77.73913043478261,54.391304347826086,14.883333333333333,19.666666666666668
2019-06-09,6.583333333333333,0.0,0.0,0.0,67.0,78.08695652173913,49.95652173913044,15.333333333333334,19.866666666666667
2019-06-10,7.8500000000000005,0.008627450980392158,0.0,0.0,66.0,78.56521739130434,51.73913043478261,16.400000000000002,21.816666666666666
2019-06-11,10.25,0.7368571428571429,0.0,0.0,70.0,76.78260869565217,58.91304347826087,22.650000000000002,31.7
2019-06-12,7.55,0.2520618556701031,0.0,0.0,68.0,75.82608695652173,51.56521739130435,16.516666666666666,21.349999999999998
2019-06-13,8.950000000000001,0.0661764705882353,0.0,0.0,59.0,69.34782608695652,51.04347826086956,21.166666666666668,27.8
2019-06-14,11.683333333333332,0.584040404040404,0.0,0.0,63.0,65.21739130434783,50.869565217391305,26.333333333333332,36.15
2019-06-15,13.033333333333333,0.0009782608695652173,0.0,0.0,72.0,76.22727272727273,52.68181818181818,25.333333333333332,33.550000000000004
2019-06-16,5.783333333333332,0.057096774193548396,0.0,0.0,69.0,76.4090909090909,59.95454545454545,17.183333333333334,23.2
2019-06-17,5.7,0.27655913978494623,0.0,0.0,69.0,73.43478260869566,62.47826086956522,13.066666666666668,15.366666666666667
2019-06-18,3.4333333333333336,0.012577319587628866,0.0,0.0,67.0,74.08695652173913,61.869565217391305,9.633333333333333,13.666666666666666
2019-06-19,5.316666666666666,0.10638297872340426,0.0,0.0,64.0,72.21739130434783,61.91304347826087,13.583333333333334,17.21666666666667
2019-06-20,5.583333333333333,0.1196808510638298,0.0,0.0,66.0,72.56521739130434,62.21739130434783,14.4,18.333333333333332
2019-06-21,8.15,0.8049473684210526,0.0,0.0,68.0,70.3913043478261,59.47826086956522,18.866666666666667,27.133333333333336
2019-06-22,9.25,0.09934782608695653,0.0,0.0,72.0,74.73913043478261,57.21739130434783,24.133333333333336,32.36666666666667
2019-06-23,10.116666666666667,0.025543478260869567,0.0,0.0,74.0,80.8695652173913,56.08695652173913,20.0,26.8
2019-06-24,6.683333333333334,0.00010309278350515464,0.0,0.0,75.0,83.68181818181819,58.27272727272727,14.733333333333334,20.5
2019-06-25,5.966666666666666,0.015263157894736841,0.0,0.0,67.0,79.5909090909091,57.36363636363637,16.383333333333333,22.5
2019-06-26,4.916666666666667,0.2259375,0.0,0.0,69.0,75.77272727272727,62.18181818181818,12.4,14.733333333333334
2019-06-27,4.8,0.0004347826086956522,0.0,0.0,65.0,80.0,59.63636363636363,13.733333333333334,18.483333333333334
2019-06-28,4.416666666666667,0.00032967032967032967,0.0,0.0,71.0,84.22727272727273,60.5,13.4,17.400000000000002
2019-06-29,5.166666666666667,0.17712765957446808,0.0,0.0,77.0,85.69565217391305,64.91304347826087,22.166666666666668,30.333333333333332
2019-06-30,7.3,0.18670329670329672,0.0,0.0,73.0,80.0,61.69565217391305,23.46666666666667,32.983333333333334
2019-07-01,6.783333333333334,0.1761290322580645,0.0,0.0,71.0,79.3913043478261,59.26086956521739,14.733333333333334,19.666666666666668
2019-07-02,6.716666666666666,0.00101010101010101,0.0,0.0,79.0,83.65217391304348,63.91304347826087,14.733333333333334,20.3
2019-07-03,4.433333333333334,0.0003092783505154639,0.0,0.0,80.0,86.30434782608695,63.47826086956522,12.25,15.550000000000002
2019-07-04,3.966666666666667,0.0,0.0,0.0,79.0,88.8695652173913,65.1304347826087,11.716666666666667,14.549999999999999
2019-07-05,7.333333333333333,0.0,0.0,0.0,81.0,88.95652173913044,65.72727272727273,15.549999999999999,20.150000000000002
2019-07-06,8.833333333333334,0.08797872340425532,0.0,0.0,82.0,90.69565217391305,69.8695652173913,21.833333333333332,28.833333333333332
2019-07-07,6.716666666666668,0.6035051546391752,0.0,0.0,73.0,85.43478260869566,64.78260869565217,18.849999999999998,25.5
2019-07-08,4.2,0.0,0.0,0.0,71.0,79.5909090909091,56.95454545454545,11.383333333333333,13.733333333333334
2019-07-09,5.1,0.00030303030303030303,0.0,0.0,78.0,83.91304347826087,58.21739130434783,13.066666666666668,17.516666666666666
2019-07-10,4.816666666666666,0.0,0.0,0.0,80.0,87.52173913043478,61.95652173913044,13.583333333333334,17.333333333333332
2019-07-11,7.95,0.0234375,0.0,0.0,77.0,86.65217391304348,63.73913043478261,23.633333333333336,31.7
2019-07-12,4.466666666666667,1.113173076923077,0.0,0.0,74.0,84.08695652173913,67.78260869565217,18.333333333333332,23.05
2019-07-13,6.616666666666667,0.4277319587628866,0.0,0.0,78.0,85.21739130434783,66.52173913043478,13.85,18.516666666666666
2019-07-14,7.733333333333333,0.0004166666666666667,0.0,0.0,83.0,87.0,67.91304347826087,16.366666666666667,21.7
2019-07-15,7.866666666666667,0.0,0.0,0.0,79.0,86.17391304347827,63.78260869565217,16.849999999999998,23.23333333333333
2019-07-16,6.0,0.0,0.0,0.0,80.0,84.47826086956522,61.0,14.216666666666667,19.150000000000002
2019-07-17,7.8500000000000005,0.07050000000000001,0.0,0.0,83.0,87.6086956521739,68.3913043478261,24.333333333333332,30.900000000000002
2019-07-18,8.450000000000001,0.5083962264150943,0.0,0.0,73.0,83.8695652173913,66.91304347826087,19.0,27.183333333333334
2019-07-19,6.566666666666666,0.0227,0.0,0.0,75.0,80.1304347826087,61.82608695652174,16.55,22.933333333333334
2019-07-20,7.483333333333333,0.0,0.0,0.0,89.0,91.78260869565217,70.1304347826087,14.066666666666668,19.366666666666667
2019-07-21,10.549999999999999,0.001875,0.0,0.0,90.0,94.81818181818181,75.5909090909091,21.0,27.900000000000002
2019-07-22,8.1,0.07134020618556701,0.0,0.0,81.0,89.3913043478261,68.6086956521739,19.349999999999998,25.816666666666666
2019-07-23,7.616666666666667,1.4541584158415841,0.0,0.0,67.0,76.82608695652173,62.130434782608695,18.333333333333332,25.2
2019-07-24,3.4166666666666665,0.46801980198019805,0.0,0.0,71.0,73.65217391304348,60.95652173913044,11.383333333333333,16.066666666666666
2019-07-25,4.933333333333334,0.00040404040404040404,0.0,0.0,73.0,80.04347826086956,60.52173913043478,13.033333333333333,16.366666666666667
2019-07-26,4.7,0.0017171717171717174,0.0,0.0,75.0,83.17391304347827,60.17391304347826,12.383333333333333,16.849999999999998
2019-07-27,6.933333333333334,0.0007142857142857144,0.0,0.0,75.0,83.82608695652173,62.82608695652174,14.549999999999999,18.7
2019-07-28,8.183333333333334,0.002105263157894737,0.0,0.0,79.0,86.77272727272727,63.0,17.7,24.0
2019-07-29,6.816666666666666,0.0016842105263157896,0.0,0.0,84.0,90.31818181818181,68.36363636363636,15.216666666666669,21.633333333333336
2019-07-30,6.183333333333334,0.01891089108910891,0.0,0.0,85.0,91.6086956521739,70.6086956521739,14.883333333333333,21.46666666666667
2019-07-31,6.616666666666667,0.03744897959183673,0.0,0.0,82.0,92.08695652173913,70.3913043478261,28.46666666666667,39.03333333333333
2019-08-01,5.566666666666666,0.27390000000000003,0.0,0.0,80.0,88.68181818181819,65.95454545454545,13.4,17.183333333333334
2019-08-02,4.816666666666666,0.0003061224489795919,0.0,0.0,77.0,84.5909090909091,58.36363636363637,11.25,16.216666666666665
2019-08-03,8.266666666666667,0.00010526315789473685,0.0,0.0,77.0,84.77272727272727,62.54545454545455,17.7,24.0
2019-08-04,5.683333333333334,0.007849462365591397,0.0,0.0,77.0,84.77272727272727,65.0909090909091,13.25,18.183333333333334
2019-08-05,4.733333333333333,0.02094736842105263,0.0,0.0,72.0,82.9090909090909,55.90909090909091,12.583333333333334,16.366666666666667
2019-08-06,4.6499999999999995,0.0002105263157894737,0.0,0.0,71.0,80.68181818181819,59.54545454545455,11.366666666666667,15.366666666666667
2019-08-07,8.466666666666667,0.08302083333333334,0.0,0.0,76.0,82.31818181818181,64.45454545454545,22.316666666666666,29.633333333333336
2019-08-08,9.450000000000001,1.6746153846153846,0.0,0.0,78.0,84.77272727272727,67.36363636363636,19.033333333333335,25.633333333333336
2019-08-09,8.816666666666666,0.008247422680412371,0.0,0.0,78.0,84.30434782608695,63.95652173913044,17.55,25.3
2019-08-10,9.683333333333334,0.0015624999999999999,0.0,0.0,76.0,81.77272727272727,60.23809523809524,21.46666666666667,29.349999999999998
2019-08-11,7.95,0.006842105263157895,0.0,0.0,72.0,79.30434782608695,55.21739130434783,17.183333333333334,24.683333333333334
2019-08-12,8.233333333333333,0.0,0.0,0.0,77.0,81.30434782608695,57.56521739130435,16.666666666666668,21.816666666666666
2019-08-13,8.616666666666667,0.002653061224489796,0.0,0.0,78.0,82.04347826086956,65.08695652173913,17.033333333333335,22.666666666666668
2019-08-14,6.7,0.02731958762886598,0.0,0.0,72.0,78.04545454545455,64.0,14.4,18.966666666666665
2019-08-15,5.216666666666667,0.0012371134020618556,0.0,0.0,66.0,78.0909090909091,59.86363636363637,13.549999999999999,16.733333333333334
2019-08-16,5.766666666666667,0.0005263157894736842,0.0,0.0,68.0,79.54545454545455,60.36363636363637,14.033333333333333,18.033333333333335
2019-08-17,5.7,0.008876404494382022,0.0,0.0,69.0,79.81818181818181,64.63636363636364,13.049999999999999,17.033333333333335
2019-08-18,4.6000000000000005,0.21642105263157893,0.0,0.0,73.0,82.1304347826087,67.34782608695652,14.583333333333334,18.21666666666667
2019-08-19,8.65,0.025520833333333336,0.0,0.0,82.0,89.30434782608695,70.26086956521739,16.849999999999998,22.483333333333334
2019-08-20,4.7,0.027684210526315787,0.0,0.0,79.0,89.65217391304348,65.08695652173913,12.066666666666668,15.766666666666667
2019-08-21,7.683333333333334,0.03958333333333333,0.0,0.0,76.0,86.0,64.04347826086956,19.383333333333336,26.683333333333334
2019-08-22,7.033333333333334,0.20397959183673467,0.0,0.0,80.0,87.95652173913044,65.91304347826087,16.55,22.8
2019-08-23,6.383333333333333,0.01829787234042553,0.0,0.0,78.0,83.78260869565217,63.82608695652174,14.066666666666668,18.516666666666666
2019-08-24,6.866666666666667,0.010689655172413794,0.0,0.0,69.0,75.77272727272727,54.36363636363637,16.400000000000002,21.316666666666666
2019-08-25,9.016666666666667,0.0026136363636363636,0.0,0.0,66.0,71.47826086956522,54.21739130434783,19.933333333333334,27.2
2019-08-26,6.2,0.01173913043478261,0.0,0.0,64.0,70.47826086956522,50.869565217391305,15.700000000000001,21.349999999999998
2019-08-27,4.55,0.0,0.0,0.0,66.0,74.52173913043478,48.52173913043478,13.066666666666668,16.7
2019-08-28,5.533333333333334,0.07694736842105264,0.0,0.0,69.0,77.04347826086956,55.0,14.016666666666666,18.366666666666667
2019-08-29,6.966666666666666,1.2245283018867925,0.0,0.0,74.0,80.43478260869566,61.0,15.550000000000002,21.033333333333335
2019-08-30,8.6,0.0011,0.0,0.0,77.0,83.47826086956522,56.69565217391305,20.483333333333334,26.849999999999998
2019-08-31,6.116666666666667,0.00010526315789473685,0.0,0.0,77.0,81.78260869565217,57.26086956521739,15.583333333333334,20.816666666666666
2019-09-01,5.633333333333333,0.0,0.0,0.0,69.0,76.72727272727273,52.72727272727273,12.916666666666666,17.733333333333334
2019-09-02,6.45,0.07094736842105263,0.0,0.0,68.0,74.34782608695652,55.82608695652174,17.816666666666666,23.333333333333332
2019-09-03,4.95,0.6677884615384616,0.0,0.0,71.0,76.21739130434783,58.52173913043478,13.016666666666666,15.700000000000001
2019-09-04,9.733333333333333,0.008137254901960786,0.0,0.0,73.0,80.47826086956522,60.73913043478261,21.349999999999998,28.616666666666664
2019-09-05,5.666666666666667,0.08897196261682243,0.0,0.0,68.0,77.65217391304348,55.08695652173913,14.366666666666667,20.183333333333334
2019-09-06,9.333333333333334,0.0018811881188118811,0.0,0.0,64.0,68.8695652173913,52.73913043478261,20.5,27.849999999999998
2019-09-07,10.916666666666666,0.09734693877551022,0.0,0.0,65.0,68.81818181818181,53.09090909090909,21.5,30.833333333333332
2019-09-08,7.1499999999999995,0.0040625,0.0,0.0,69.0,72.73913043478261,53.869565217391305,15.366666666666667,20.983333333333334
2019-09-09,4.433333333333334,0.0,0.0,0.0,66.0,73.08695652173913,51.04347826086956,12.200000000000001,16.033333333333335
2019-09-10,5.3,0.0,0.0,0.0,67.0,72.52173913043478,54.04347826086956,15.0,20.016666666666666
2019-09-11,10.316666666666666,0.009903846153846154,0.0,0.0,75.0,78.21739130434783,61.08695652173913,19.483333333333334,26.166666666666668
2019-09-12,7.166666666666667,0.018627450980392157,0.0,0.0,69.0,78.52173913043478,57.56521739130435,17.183333333333334,23.183333333333334
2019-09-13,7.25,0.1120388349514563,0.0,0.0,61.0,65.6086956521739,46.91304347826087,17.066666666666666,22.650000000000002
2019-09-14,8.1,0.016494845360824743,0.0,0.0,62.0,68.43478260869566,44.34782608695652,18.633333333333333,25.53333333333333
2019-09-15,7.233333333333333,0.20386138613861385,0.0,0.0,73.0,73.34782608695652,52.95652173913044,15.700000000000001,22.78333333333333
2019-09-16,6.6499999999999995,0.00101010101010101,0.0,0.0,70.0,75.78260869565217,55.09090909090909,17.849999999999998,24.166666666666668
2019-09-17,6.933333333333334,0.000196078431372549,0.0,0.0,64.0,70.34782608695652,48.52173913043478,16.733333333333334,21.833333333333332
2019-09-18,8.549999999999999,0.0,0.0,0.0,61.0,65.82608695652173,47.52173913043478,16.883333333333336,24.616666666666664
2019-09-19,3.766666666666666,0.0,0.0,0.0,58.0,65.04545454545455,39.86363636363637,10.85,14.216666666666667
2019-09-20,4.466666666666667,0.0,0.0,0.0,64.0,72.52173913043478,41.43478260869565,11.183333333333332,15.4
2019-09-21,4.216666666666667,0.0,0.0,0.0,73.0,80.63636363636364,49.09090909090909,11.683333333333332,15.549999999999999
2019-09-22,7.883333333333333,0.0,0.0,0.0,74.0,84.68181818181819,55.0,17.033333333333335,23.28333333333333
2019-09-23,11.6,0.0077777777777777776,0.0,0.0,78.0,86.86363636363636,61.95454545454545,20.333333333333332,28.366666666666664
2019-09-24,9.066666666666666,0.13885714285714285,0.0,0.0,74.0,82.86363636363636,61.13636363636363,19.066666666666666,25.349999999999998
2019-09-25,6.0,0.004747474747474748,0.0,0.0,65.0,75.0909090909091,51.59090909090909,13.916666666666666,19.333333333333332
2019-09-26,8.016666666666667,0.031485148514851485,0.0,0.0,68.0,76.36363636363636,50.86363636363637,24.0,32.15
2019-09-27,5.7,0.27403846153846156,0.0,0.0,65.0,76.71428571428571,49.333333333333336,12.383333333333333,16.883333333333333
2019-09-28,10.033333333333333,0.0004166666666666667,0.0,0.0,68.0,76.13636363636364,50.54545454545455,21.633333333333336,28.383333333333336
2019-09-29,7.416666666666667,0.0,0.0,0.0,70.0,76.72727272727273,53.45454545454545,16.516666666666666,21.933333333333334
2019-09-30,7.216666666666668,0.0,0.0,0.0,59.0,68.95454545454545,47.59090909090909,12.733333333333334,17.400000000000002
2019-10-01,9.316666666666666,0.0511214953271028,0.0,0.0,62.0,67.27272727272727,51.5,16.7,22.316666666666666
2019-10-02,8.799999999999999,0.045922330097087384,0.0,0.0,71.0,73.31818181818181,53.68181818181818,17.033333333333335,22.95
2019-10-03,7.166666666666667,0.27443396226415095,0.0,0.0,54.0,65.63636363636364,48.13636363636363,15.883333333333333,22.683333333333334
2019-10-04,9.85,0.1533009708737864,0.0,0.0,56.0,56.608695652173914,45.69565217391305,24.099999999999998,32.36666666666667
2019-10-05,4.883333333333334,0.00202020202020202,0.0,0.0,50.0,59.21739130434783,34.130434782608695,11.383333333333333,15.700000000000001
2019-10-06,9.766666666666667,0.0003125,0.0,0.0,56.0,62.65217391304348,34.26086956521739,19.71666666666667,26.816666666666666
2019-10-07,13.783333333333333,0.0204,0.0,0.0,73.0,73.08695652173913,48.130434782608695,30.083333333333332,40.0
2019-10-08,5.516666666666667,0.29245283018867924,0.0,0.0,62.0,71.78260869565217,53.78260869565217,11.866666666666667,15.666666666666666
2019-10-09,12.983333333333333,0.0262,0.0,0.0,58.0,60.04545454545455,50.22727272727273,21.316666666666666,30.96666666666667
2019-10-10,15.75,0.13262135922330098,0.0,0.0,56.0,56.714285714285715,50.0,22.4,33.31666666666667
2019-10-11,17.75,0.08754901960784313,0.0,0.0,56.0,55.69565217391305,50.69565217391305,27.650000000000002,37.800000000000004
2019-10-12,7.733333333333333,0.42200000000000004,0.0,0.0,56.0,56.09090909090909,49.95454545454545,20.5,29.150000000000002
2019-10-13,3.65,0.02118279569892473,0.0,0.0,59.0,61.68181818181818,45.72727272727273,10.866666666666667,14.883333333333333
2019-10-14,4.3500000000000005,0.0009375,0.0,0.0,58.0,67.30434782608695,44.82608695652174,12.15,18.71666666666667
2019-10-15,5.2,0.00020408163265306123,0.0,0.0,58.0,65.0,42.391304347826086,14.033333333333333,18.033333333333335
2019-10-16,11.133333333333333,0.043899999999999995,0.0,0.0,54.0,61.17391304347826,36.90909090909091,35.483333333333334,47.68333333333334
2019-10-17,20.099999999999998,1.9325471698113208,0.0,0.0,57.0,61.68181818181818,43.523809523809526,40.81666666666667,56.333333333333336
2019-10-18,11.299999999999999,0.02666666666666667,0.0,0.0,55.0,56.59090909090909,44.18181818181818,22.45,30.383333333333336
2019-10-19,5.6000000000000005,0.0,0.0,0.0,52.0,59.04545454545455,36.27272727272727,14.366666666666667,18.849999999999998
2019-10-20,3.1999999999999997,0.00010416666666666667,0.0,0.0,53.0,60.27272727272727,34.09090909090909,8.85,11.716666666666667
2019-10-21,6.483333333333333,0.014081632653061225,0.0,0.0,58.0,61.78260869565217,39.30434782608695,15.4,19.683333333333334
2019-10-22,7.866666666666666,0.0096,0.0,0.0,55.0,61.91304347826087,42.47826086956522,16.7,21.983333333333334
2019-10-23,8.983333333333333,0.5087378640776699,0.0,0.0,61.0,63.47826086956522,46.91304347826087,22.683333333333334,29.733333333333334
2019-10-24,8.616666666666667,0.11401960784313725,0.0,0.0,59.0,66.95652173913044,37.91304347826087,18.0,24.766666666666666
2019-10-25,3.85,0.0006060606060606061,0.0,0.0,58.0,65.08695652173913,42.34782608695652,10.9,13.516666666666666
2019-10-26,4.6499999999999995,0.029191919191919193,0.0,0.0,56.0,61.54545454545455,43.714285714285715,13.916666666666666,19.3
2019-10-27,11.066666666666665,0.1384313725490196,0.0,0.0,53.0,56.90909090909091,41.81818181818182,23.816666666666666,31.650000000000002
2019-10-28,6.216666666666666,1.289809523809524,0.0,0.0,53.0,53.869565217391305,46.391304347826086,14.733333333333334,20.116666666666664
2019-10-29,3.1666666666666665,0.059423076923076926,0.1956521739130435,0.0,54.0,54.869565217391305,48.21739130434783,9.85,12.683333333333332
2019-10-30,3.516666666666667,0.04355140186915888,0.0,0.0,59.0,60.04347826086956,49.82608695652174,11.283333333333333,15.216666666666667
2019-10-31,15.866666666666667,0.14320754716981132,0.0,0.0,65.0,66.95652173913044,54.869565217391305,33.0,44.166666666666664
2019-11-01,18.016666666666666,0.2954081632653061,0.0,0.0,62.0,70.14285714285714,45.61904761904762,36.38333333333333,50.71666666666667
2019-11-02,4.25,0.003789473684210526,0.0,0.0,45.0,54.81818181818182,30.5,11.049999999999999,14.883333333333333
2019-11-03,7.083333333333333,0.0003191489361702128,0.0,0.0,49.0,53.45454545454545,30.5,17.066666666666666,22.95
2019-11-04,6.6000000000000005,0.00031578947368421053,0.0,0.0,48.0,54.391304347826086,30.454545454545453,15.183333333333332,18.7
2019-11-05,5.216666666666667,0.04556701030927835,0.0,0.0,52.0,55.26086956521739,34.95652173913044,13.533333333333333,18.866666666666667
2019-11-06,8.116666666666667,0.2647058823529412,0.0,0.0,52.0,54.78260869565217,35.73913043478261,19.333333333333332,25.45
2019-11-07,8.799999999999999,0.030927835051546393,0.0,0.0,50.0,54.47826086956522,32.26086956521739,18.816666666666666,25.166666666666668
2019-11-08,13.433333333333332,0.3107920792079208,0.0,0.0,39.0,49.30434782608695,29.181818181818183,26.316666666666666,35.699999999999996
2019-11-09,6.619999999999999,0.0004166666666666667,0.0,0.0,33.0,38.5,20.5,13.883333333333333,17.849999999999998
2019-11-10,8.433333333333334,0.0,0.0,0.0,41.0,45.5,23.476190476190474,20.483333333333334,27.866666666666664
2019-11-11,6.666666666666667,0.00010526315789473685,0.0,0.0,48.0,52.30434782608695,32.73913043478261,16.849999999999998,21.983333333333334
2019-11-12,10.85,0.0077083333333333335,0.0030303030303030303,0.0,41.0,48.82608695652174,29.695652173913043,24.633333333333336,33.36666666666667
2019-11-13,12.466666666666667,0.06822916666666666,0.0125,0.0,27.0,36.73913043478261,16.608695652173914,23.96666666666667,31.7
2019-11-14,3.75,0.0,0.0,0.0,30.0,33.81818181818182,15.619047619047619,11.483333333333334,14.550000000000002
2019-11-15,9.25,0.0,0.0,0.0,44.0,45.54545454545455,22.08695652173913,20.483333333333334,26.5
2019-11-16,10.266666666666667,0.0,0.0,0.0,37.0,46.30434782608695,23.0,23.166666666666668,31.733333333333334
2019-11-17,9.25,0.0,0.0,0.0,32.0,37.43478260869565,21.727272727272727,16.816666666666666,21.166666666666668
2019-11-18,11.5,0.03978723404255319,0.006557377049180328,0.0,40.0,39.65217391304348,28.454545454545453,18.0,24.5
2019-11-19,2.716666666666667,0.34744680851063825,0.0,0.0,42.0,41.69565217391305,35.65217391304348,9.516666666666667,12.066666666666668
2019-11-20,7.483333333333333,0.13763440860215054,0.0,0.0,41.0,42.08695652173913,36.69565217391305,12.733333333333334,16.666666666666668
2019-11-21,5.583333333333333,0.15776595744680852,0.0,0.0,42.0,43.43478260869565,31.782608695652176,12.583333333333334,16.366666666666667
2019-11-22,13.799999999999999,0.017142857142857144,0.0,0.0,48.0,51.04347826086956,32.47826086956522,26.599999999999998,38.03333333333333
2019-11-23,7.833333333333333,0.0734375,0.0,0.0,41.0,50.130434782608695,28.454545454545453,19.183333333333334,27.733333333333334
2019-11-24,13.15,0.30802197802197806,0.0,0.0,43.0,45.36363636363637,31.666666666666668,28.03333333333333,39.1
2019-11-25,8.116666666666667,1.0775531914893617,0.0,0.0,46.0,47.869565217391305,34.91304347826087,19.816666666666666,26.95
2019-11-26,7.0,0.0007142857142857144,0.0,0.0,50.0,55.82608695652174,31.08695652173913,20.45,26.816666666666666
2019-11-27,5.333333333333333,0.02306122448979592,0.0,0.0,48.0,56.47826086956522,32.08695652173913,17.183333333333334,22.78333333333333
2019-11-28,16.400000000000002,0.3204301075268817,0.0,0.0,47.0,50.91304347826087,32.869565217391305,26.483333333333334,37.166666666666664
2019-11-29,14.033333333333333,0.03922222222222223,0.0,0.0,37.0,42.52173913043478,29.695652173913043,23.266666666666666,32.4
2019-11-30,13.416666666666666,0.0,0.0,0.0,33.0,38.54545454545455,23.818181818181817,22.116666666666664,29.683333333333334
2019-12-01,6.383333333333333,0.05065217391304348,0.20416666666666666,0.2073170731707317,29.0,35.21739130434783,16.434782608695652,18.533333333333335,24.666666666666668
2019-12-02,17.833333333333332,0.9723255813953489,5.601351351351352,5.364999999999999,39.0,37.08695652173913,22.130434782608695,26.983333333333334,38.21666666666667
2019-12-03,12.516666666666666,0.564578313253012,4.345945945945946,8.250877192982456,32.0,34.869565217391305,25.956521739130434,21.849999999999998,30.366666666666664
2019-12-04,5.75,0.18679012345679014,2.0484848484848484,9.226415094339623,34.0,33.904761904761905,20.428571428571427,12.049999999999999,16.183333333333334
2019-12-05,9.950000000000001,0.0,0.0,7.365116279069767,40.0,39.04545454545455,23.818181818181817,21.233333333333334,28.866666666666664
2019-12-06,6.733333333333333,0.0047777777777777775,0.036231884057971016,6.1375,34.0,38.95454545454545,22.0,16.816666666666666,23.2
2019-12-07,8.049999999999999,0.042470588235294114,0.3885245901639344,6.015555555555555,32.0,33.86363636363637,19.818181818181817,16.849999999999998,21.983333333333334
2019-12-08,7.0,0.0,0.0,5.915,29.0,34.90909090909091,10.318181818181818,16.383333333333333,21.400000000000002
2019-12-09,12.033333333333333,0.1,0.0,5.284782608695652,45.0,48.142857142857146,21.523809523809526,26.0,36.5
2019-12-10,12.816666666666665,0.7150549450549452,0.0,0.9244897959183673,59.0,57.857142857142854,39.86363636363637,24.3,32.35
2019-12-11,7.216666666666666,0.41750000000000004,2.3767123287671232,2.450980392156863,38.0,51.78260869565217,25.391304347826086,18.483333333333334,25.349999999999998
2019-12-12,6.633333333333333,0.04876404494382022,0.5984848484848485,2.4574468085106385,30.0,32.31818181818182,18.608695652173914,20.150000000000002,27.183333333333334
2019-12-13,5.083333333333333,0.023736263736263738,0.0,1.7727272727272727,35.0,36.86363636363637,19.727272727272727,10.799999999999999,13.666666666666666
2019-12-14,11.016666666666666,1.2396774193548388,0.0,0.02127659574468085,51.0,55.30434782608695,30.608695652173914,24.816666666666666,35.38333333333333
2019-12-15,20.233333333333334,0.258,0.0,0.0,49.0,56.56521739130435,37.08695652173913,33.03333333333333,46.050000000000004
2019-12-16,8.666666666666666,0.0,0.0,0.0,34.0,41.69565217391305,26.869565217391305,22.650000000000002,30.400000000000002
2019-12-17,6.3999999999999995,0.0871764705882353,0.31232876712328766,0.3510204081632653,31.0,33.21739130434783,25.043478260869566,15.916666666666666,20.45
2019-12-18,10.466666666666667,0.44626506024096385,1.403076923076923,1.6777777777777776,34.0,34.91304347826087,23.869565217391305,27.7,39.31666666666667
2019-12-19,16.366666666666667,0.0024731182795698923,0.029166666666666667,1.3355555555555556,22.0,30.869565217391305,10.869565217391305,28.95,39.699999999999996
2019-12-20,9.816666666666668,0.0,0.0,1.1976190476190476,23.0,25.26086956521739,11.73913043478261,20.333333333333332,28.683333333333334
2019-12-21,3.466666666666667,0.0,0.0,1.0069767441860464,27.0,30.82608695652174,12.956521739130435,9.233333333333333,12.549999999999999
2019-12-22,6.966666666666668,0.0,0.0,1.5,36.0,37.17391304347826,17.652173913043477,15.066666666666668,19.033333333333335
2019-12-23,8.433333333333334,0.0,0.0,0.8488372093023255,44.0,47.65217391304348,24.818181818181817,17.866666666666667,23.633333333333336
2019-12-24,8.316666666666666,0.0,0.0,0.44047619047619047,45.0,50.34782608695652,27.0,19.0,26.983333333333334
2019-12-25,3.016666666666667,0.0,0.0,0.3613636363636364,37.0,42.82608695652174,24.130434782608695,9.299999999999999,12.049999999999999
2019-12-26,4.616666666666666,0.0,0.0,0.23777777777777775,37.0,40.86363636363637,25.818181818181817,15.516666666666666,19.366666666666667
2019-12-27,8.316666666666666,0.0031868131868131866,0.0,0.12222222222222222,41.0,44.36363636363637,28.681818181818183,18.2,24.5
2019-12-28,8.1,0.0011235955056179776,0.0,0.0425531914893617,48.0,48.65217391304348,31.47826086956522,18.0,22.683333333333334
2019-12-29,4.016666666666667,0.006741573033707865,0.0,0.02127659574468085,40.0,45.77272727272727,26.818181818181817,12.200000000000001,16.48333333333333
2019-12-30,12.65,0.6313636363636363,0.134,0.09534883720930232,38.0,40.54545454545455,30.272727272727273,25.03333333333333,32.36666666666667
2019-12-31,9.616666666666667,1.1198837209302326,0.6909090909090909,0.7872340425531915,40.0,40.81818181818182,33.72727272727273,19.2,24.96666666666667
2020-01-01,12.916666666666666,0.019080459770114945,0.018518518518518517,0.5644444444444444,39.0,40.5,31.5,25.483333333333334,35.35
2020-01-02,9.25,0.0,0.0,0.5068181818181818,40.0,43.2,28.15,17.849999999999998,22.45
2020-01-03,5.283333333333334,0.0,0.0,0.36666666666666664,47.0,47.04761904761905,34.904761904761905,12.583333333333334,16.333333333333332
2020-01-04,4.25,0.022298850574712644,0.0,0.29183673469387755,47.0,46.285714285714285,38.714285714285715,13.066666666666668,16.55
2020-01-05,13.65,0.2603370786516854,0.020754716981132078,0.16874999999999998,39.0,41.21052631578947,30.36842105263158,30.7,41.483333333333334
2020-01-06,4.666666666666667,0.00021978021978021978,0.0,0.16304347826086957,33.0,36.2,20.85,14.216666666666667,18.016666666666666
2020-01-07,6.449999999999999,0.0005494505494505495,0.007142857142857143,0.12448979591836734,38.0,38.35,25.0,16.216666666666665,22.133333333333336
2020-01-08,11.716666666666667,0.02358695652173913,0.22083333333333333,0.3490566037735849,38.0,41.23809523809524,25.61904761904762,29.349999999999998,40.06666666666667
2020-01-09,10.233333333333333,0.0008791208791208791,0.004285714285714286,0.1510204081632653,29.0,36.42857142857143,18.285714285714285,26.46666666666667,35.85
2020-01-10,11.683333333333332,0.0,0.0,0.06938775510204082,38.0,40.714285714285715,19.61904761904762,24.05,32.666666666666664
2020-01-11,16.883333333333333,0.00021978021978021978,0.0,0.0,57.0,59.38095238095238,36.523809523809526,33.516666666666666,46.01666666666667
2020-01-12,18.1,0.06554347826086956,0.0,0.0,66.0,68.5,44.0,34.166666666666664,47.03333333333333
2020-01-13,6.116666666666667,0.011555555555555557,0.0033333333333333335,0.0,41.0,55.45,32.7,13.700000000000001,18.666666666666668
2020-01-14,3.933333333333333,0.00826086956521739,0.004918032786885246,0.0,39.0,39.61904761904762,31.38095238095238,9.5,13.216666666666669
2020-01-15,6.383333333333333,0.006956521739130435,0.0,0.0,44.0,45.142857142857146,32.476190476190474,16.7,21.3
2020-01-16,13.533333333333333,0.08876404494382023,0.10727272727272728,0.08750000000000001,42.0,46.666666666666664,28.142857142857142,33.016666666666666,44.800000000000004
2020-01-17,17.25,0.034827586206896556,0.0,0.0,25.0,36.57142857142857,13.523809523809524,30.683333333333334,43.36666666666667
2020-01-18,6.216666666666666,0.031860465116279074,0.23333333333333336,0.2127659574468085,18.0,22.952380952380953,9.523809523809524,15.65,21.366666666666664
2020-01-19,10.799999999999999,0.375,3.375,3.5390625,33.0,35.476190476190474,15.238095238095237,25.483333333333334,34.233333333333334
2020-01-20,11.216666666666667,0.00022222222222222223,0.0,2.62,26.0,35.25,14.105263157894736,21.483333333333334,28.733333333333334
2020-01-21,4.333333333333333,0.0,0.0,2.4382978723404256,23.0,26.714285714285715,9.333333333333334,14.25,18.366666666666667
2020-01-22,3.6500000000000004,0.0,0.0,2.2717391304347827,29.0,31.7,8.2,11.049999999999999,13.883333333333333
2020-01-23,4.8999999999999995,0.0,0.0,2.05,36.0,40.666666666666664,12.142857142857142,12.233333333333334,15.183333333333332
2020-01-24,5.216666666666667,0.0,0.0,1.5680851063829788,41.0,45.80952380952381,20.571428571428573,13.066666666666668,16.916666666666668
2020-01-25,10.950000000000001,0.06681318681318682,0.012857142857142857,1.0108695652173914,42.0,46.857142857142854,28.857142857142858,23.53333333333333,33.983333333333334
2020-01-26,10.583333333333334,0.656989247311828,0.0,0.01020408163265306,47.0,49.25,35.95,21.599999999999998,28.71666666666667
2020-01-27,9.483333333333333,0.0003260869565217391,0.0,0.0,42.0,47.57142857142857,32.80952380952381,18.666666666666668,24.0
2020-01-28,9.666666666666666,0.0,0.0,0.0,41.0,42.57142857142857,33.476190476190474,17.033333333333335,22.95
2020-01-29,9.183333333333334,0.0,0.0,0.0,37.0,39.523809523809526,27.80952380952381,16.849999999999998,22.150000000000002
2020-01-30,4.3,0.0,0.0,0.0,29.0,37.76190476190476,17.333333333333332,10.183333333333334,13.916666666666666
2020-01-31,5.433333333333334,0.0,0.0,0.0,35.0,39.95238095238095,19.0,14.216666666666667,19.333333333333332
2020-02-01,2.433333333333333,0.018152173913043478,0.029508196721311476,0.02978723404255319,38.0,41.76190476190476,24.333333333333332,7.483333333333333,9.633333333333333
2020-02-02,4.7,0.002258064516129032,0.0,0.0,39.0,39.42857142857143,28.714285714285715,13.700000000000001,18.21666666666667
2020-02-03,7.166666666666667,0.0,0.0,0.0,41.0,43.57142857142857,24.142857142857142,18.483333333333334,24.633333333333336
2020-02-04,2.5833333333333335,0.0,0.0,0.0,42.0,46.476190476190474,27.476190476190474,9.5,11.049999999999999
2020-02-05,4.416666666666667,0.060659340659340664,0.0,0.0,41.0,43.142857142857146,30.523809523809526,12.85,18.183333333333334
2020-02-06,8.65,0.31627906976744186,0.4967741935483871,0.5,37.0,39.2,28.3,16.516666666666666,22.03333333333333
2020-02-07,12.799999999999999,0.254367816091954,0.032,0.24468085106382978,40.0,43.0,29.85,36.35,51.416666666666664
2020-02-08,14.466666666666667,0.2225287356321839,0.0,0.15227272727272728,31.0,40.6,20.6,28.516666666666666,39.31666666666667
2020-02-09,4.3500000000000005,0.0,0.0,0.11627906976744186,27.0,34.05,14.35,13.816666666666668,18.833333333333332
2020-02-10,10.4,0.05866666666666667,0.0,0.05319148936170213,42.0,41.95,24.5,21.650000000000002,28.866666666666664
2020-02-11,4.216666666666667,0.14526881720430107,0.0,0.0,43.0,42.4,33.45,12.583333333333334,16.033333333333335
2020-02-12,9.733333333333333,0.12691489361702127,0.0,0.0,41.0,41.8,32.2,19.3,26.3
2020-02-13,4.083333333333333,0.47620689655172416,0.8924242424242425,0.9191489361702129,39.0,41.35,31.15,19.966666666666665,25.96666666666667
2020-02-14,12.549999999999999,0.12351648351648352,0.0,0.4888888888888889,33.0,36.6,19.0,22.45,30.516666666666666
2020-02-15,7.6499999999999995,0.0,0.0,0.3844444444444445,19.0,28.6,6.2,18.483333333333334,25.133333333333336
2020-02-16,8.433333333333334,0.0,0.0,0.2785714285714286,35.0,36.26315789473684,16.94736842105263,21.7,28.849999999999998
2020-02-17,7.433333333333334,0.0,0.0,0.18409090909090908,42.0,43.05,23.0,16.883333333333336,24.133333333333336
2020-02-18,7.033333333333332,0.04588235294117647,0.0031746031746031746,0.13111111111111112,37.0,41.8,24.6,17.183333333333334,23.166666666666668
2020-02-19,12.633333333333333,0.33611111111111114,0.001851851851851852,0.07446808510638298,43.0,41.15,29.85,30.400000000000002,40.63333333333333
2020-02-20,9.116666666666667,0.00010869565217391305,0.0,0.06976744186046512,32.0,38.2,18.75,19.516666666666666,25.983333333333334
2020-02-21,7.416666666666667,0.0,0.0,0.06097560975609756,26.0,31.842105263157894,12.31578947368421,14.549999999999999,18.966666666666665
2020-02-22,9.233333333333333,0.0,0.0,0.011363636363636364,36.0,38.8421052631579,18.526315789473685,18.516666666666666,24.483333333333334
2020-02-23,6.116666666666667,0.00022471910112359551,0.0,0.0,44.0,50.65,23.0,16.066666666666666,20.78333333333333
2020-02-24,7.7,0.0,0.0,0.0,48.0,58.55,26.7,18.966666666666665,24.95
2020-02-25,4.3,0.00851063829787234,0.0,0.0,47.0,58.0,35.35,10.716666666666667,13.216666666666667
2020-02-26,7.233333333333334,0.13294736842105265,0.0,0.0,46.0,51.05,39.1,14.883333333333333,18.849999999999998
2020-02-27,19.133333333333333,0.6888297872340425,0.0,0.0,45.0,50.25,35.6,35.516666666666666,50.13333333333333
2020-02-28,13.683333333333332,0.12182795698924731,0.0,0.0,34.0,44.3,26.15,26.366666666666664,35.483333333333334
2020-02-29,9.950000000000001,0.0,0.0,0.0,31.0,37.26315789473684,20.68421052631579,21.78333333333333,28.400000000000002
2020-03-01,8.833333333333334,0.0,0.0,0.0,25.0,34.95,17.7,19.150000000000002,25.150000000000002
2020-03-02,10.016666666666667,0.0009574468085106382,0.005633802816901409,0.00425531914893617,35.0,44.05,18.55,22.95,31.183333333333334
2020-03-03,9.483333333333333,0.004456521739130435,0.0,0.0,50.0,59.3,36.25,18.516666666666666,25.5
2020-03-04,17.883333333333333,0.07282828282828283,0.0,0.0,47.0,58.0,39.9,34.36666666666667,49.333333333333336
2020-03-05,8.6,0.00010752688172043011,0.0,0.0,44.0,52.15,32.45,22.45,30.066666666666666
2020-03-06,10.9,0.001931818181818182,0.004477611940298508,0.0,39.0,50.3,26.55,28.383333333333336,38.4
2020-03-07,16.166666666666668,0.045454545454545456,0.2985294117647059,0.3565217391304348,36.0,47.0,26.85,28.183333333333334,38.85
2020-03-08,7.7,0.0,0.0,0.06382978723404255,40.0,50.10526315789474,25.105263157894736,19.633333333333333,25.483333333333334
2020-03-09,10.850000000000001,0.0,0.0,0.0,55.0,64.35,33.1,20.849999999999998,28.0
2020-03-10,10.933333333333332,0.0,0.0,0.0,52.0,70.35,40.3,28.683333333333334,39.5
2020-03-11,7.599999999999999,0.001075268817204301,0.0,0.0,50.0,63.05,38.6,20.333333333333332,27.166666666666668
2020-03-12,6.633333333333333,0.00010989010989010989,0.0,0.0,40.0,50.85,29.05,14.366666666666667,18.21666666666667
2020-03-13,13.700000000000001,0.2175,0.0,0.0,46.0,54.35,36.3,31.883333333333336,41.86666666666667
2020-03-14,13.600000000000001,0.15268817204301074,0.0,0.0,46.0,56.8,37.05,22.933333333333334,31.55
2020-03-15,9.066666666666666,0.0,0.0,0.0,40.0,50.10526315789474,32.473684210526315,18.033333333333335,24.166666666666668
2020-03-16,8.65,0.00010869565217391305,0.0,0.0,32.0,42.7,23.5,15.549999999999999,20.966666666666665
2020-03-17,6.916666666666667,0.015108695652173914,0.08309859154929577,0.032692307692307694,36.0,41.6,27.65,15.216666666666667,21.25
2020-03-18,6.933333333333334,0.03361702127659574,0.023333333333333334,0.0,43.0,50.36842105263158,29.789473684210527,15.549999999999999,19.816666666666666
2020-03-19,9.566666666666666,0.2174468085106383,0.008928571428571428,0.01020408163265306,41.0,49.4,35.2,21.349999999999998,28.150000000000002
2020-03-20,12.200000000000001,0.4153191489361702,0.0,0.0,48.0,56.75,37.95,27.516666666666666,40.85
2020-03-21,12.299999999999999,0.011170212765957447,0.0,0.0,49.0,63.25,35.3,26.8,37.65
2020-03-22,7.833333333333333,0.0,0.0,0.0,31.0,42.8,24.05,15.516666666666666,21.0
2020-03-23,10.133333333333333,0.1168041237113402,0.07733333333333334,0.08260869565217391,33.0,39.55,25.1,23.3,30.666666666666668
2020-03-24,9.816666666666666,1.536868686868687,1.3064516129032258,0.8440000000000001,40.0,44.85,32.25,22.383333333333336,31.349999999999998
2020-03-25,9.516666666666667,0.0020408163265306124,0.0,0.022448979591836737,40.0,46.35,34.1,17.0,22.03333333333333
2020-03-26,8.433333333333334,0.010306122448979592,0.0,0.0,39.0,48.2,32.15,16.21666666666667,21.316666666666666
2020-03-27,10.35,0.0022916666666666667,0.0,0.0,51.0,58.15,36.6,24.083333333333332,32.516666666666666
2020-03-28,4.8,0.007604166666666666,0.0,0.0,45.0,58.15,29.95,13.583333333333334,18.0
2020-03-29,11.75,0.3361,0.0,0.0,42.0,49.7,36.1,20.966666666666665,27.46666666666667
2020-03-30,12.283333333333333,0.5657575757575758,0.0,0.0,40.0,43.4,37.7,19.883333333333336,26.900000000000002
2020-03-31,8.450000000000001,0.12554455445544555,0.0,0.0,36.0,42.8,31.7,17.21666666666667,23.28333333333333
2020-04-01,9.066666666666666,0.0017,0.008823529411764706,0.010416666666666666,36.0,44.05263157894737,27.736842105263158,19.150000000000002,25.71666666666667
2020-04-02,14.283333333333333,0.0447,0.0017857142857142859,0.0,42.0,46.3,35.1,24.333333333333332,33.18333333333333
2020-04-03,19.3,0.7356565656565657,0.0,0.0,43.0,46.25,39.45,30.866666666666664,44.13333333333333
2020-04-04,9.799999999999999,0.7478217821782178,0.0,0.0,41.0,47.421052631578945,38.36842105263158,23.96666666666667,32.88333333333333
2020-04-05,6.083333333333333,0.003564356435643564,0.0,0.0,43.0,52.578947368421055,37.78947368421053,13.583333333333334,17.366666666666667
2020-04-06,7.783333333333334,0.0003846153846153846,0.0,0.0,50.0,58.10526315789474,38.31578947368421,20.116666666666664,25.683333333333334
2020-04-07,6.716666666666666,0.0012871287128712872,0.0,0.0,52.0,61.473684210526315,37.63157894736842,18.7,25.016666666666666
2020-04-08,5.866666666666667,0.04213592233009709,0.0,0.0,46.0,57.473684210526315,39.63157894736842,13.549999999999999,17.183333333333334
2020-04-09,11.85,0.11490196078431374,0.0,0.0,44.0,50.36842105263158,37.21052631578947,32.03333333333333,45.71666666666667
2020-04-10,15.799999999999999,0.6522772277227722,0.0,0.0,43.0,48.36842105263158,36.0,30.866666666666664,42.28333333333333
2020-04-11,13.149999999999999,0.02653061224489796,0.0018181818181818182,0.0,44.0,50.388888888888886,34.388888888888886,25.833333333333332,34.4
2020-04-12,9.316666666666666,0.0001,0.0,0.0,47.0,56.421052631578945,29.57894736842105,23.516666666666666,32.21666666666667
2020-04-13,19.416666666666668,0.21375,0.0,0.0,55.0,61.05263157894737,41.578947368421055,40.81666666666667,58.51666666666667
2020-04-14,9.916666666666666,0.8435238095238096,0.0,0.0,53.0,59.78947368421053,43.36842105263158,24.633333333333336,34.03333333333333
2020-04-15,8.083333333333334,0.02,0.0,0.0,47.0,56.1578947368421,37.94736842105263,23.616666666666664,32.666666666666664
2020-04-16,10.216666666666667,0.006346153846153847,0.01818181818181818,0.015217391304347825,42.0,50.78947368421053,31.526315789473685,22.316666666666666,31.21666666666667
2020-04-17,11.566666666666668,0.0029411764705882353,0.0013333333333333335,0.0,41.0,48.68421052631579,30.94736842105263,22.316666666666666,30.55
2020-04-18,7.016666666666667,0.5172043010752688,1.9026315789473685,1.8383333333333334,38.0,46.833333333333336,31.72222222222222,16.7,22.2
2020-04-19,12.233333333333334,0.11156250000000001,0.09365079365079365,0.21833333333333332,46.0,51.473684210526315,31.31578947368421,25.666666666666668,34.666666666666664
2020-04-20,7.066666666666666,0.0001,0.0,0.0,48.0,57.1578947368421,34.8421052631579,16.883333333333336,21.833333333333332
2020-04-21,12.783333333333333,0.03686274509803921,0.0,0.0,43.0,52.26315789473684,29.473684210526315,30.53333333333333,40.85
2020-04-22,16.983333333333334,0.31415841584158416,0.0,0.0,39.0,49.421052631578945,31.263157894736842,29.96666666666667,41.13333333333333
2020-04-23,9.683333333333332,0.0007920792079207921,0.0,0.0,42.0,50.1578947368421,28.894736842105264,20.033333333333335,26.7
2020-04-24,7.033333333333334,0.10514851485148516,0.0,0.0,44.0,51.63157894736842,34.31578947368421,18.633333333333333,25.316666666666666
2020-04-25,5.983333333333333,0.1143157894736842,0.0,0.0,45.0,53.05263157894737,32.94736842105263,15.883333333333333,20.5
2020-04-26,12.566666666666668,0.030104166666666664,0.0,0.0,45.0,57.36842105263158,37.89473684210526,31.05,46.0
2020-04-27,17.45,0.5356122448979592,0.0,0.0,41.0,47.21052631578947,38.421052631578945,32.03333333333333,46.01666666666667
2020-04-28,7.816666666666667,0.5079,0.0,0.0,40.0,45.833333333333336,37.111111111111114,17.400000000000002,24.333333333333332
2020-04-29,7.883333333333333,0.0028000000000000004,0.0,0.0,44.0,54.21052631578947,33.10526315789474,16.033333333333335,21.150000000000002
2020-04-30,10.816666666666668,0.009615384615384616,0.0,0.0,45.0,54.31578947368421,41.31578947368421,19.816666666666666,27.46666666666667
2020-05-01,7.733333333333333,0.6959803921568627,0.0,0.0,52.0,59.26315789473684,46.578947368421055,20.866666666666667,28.516666666666666
2020-05-02,11.483333333333334,0.3409278350515464,0.0,0.0,57.0,67.38888888888889,45.0,24.2,33.21666666666667
2020-05-03,8.200000000000001,0.000505050505050505,0.0,0.0,64.0,73.6842105263158,49.26315789473684,20.816666666666666,26.833333333333332
2020-05-04,11.683333333333332,0.0075,0.0,0.0,63.0,74.15789473684211,51.73684210526316,24.433333333333334,32.516666666666666
2020-05-05,11.333333333333334,0.000392156862745098,0.0,0.0,51.0,65.15789473684211,42.63157894736842,21.75,29.55
2020-05-06,6.116666666666666,0.001683168316831683,0.0,0.0,47.0,57.78947368421053,34.526315789473685,15.883333333333333,21.116666666666664
2020-05-07,7.816666666666666,0.029117647058823533,0.0,0.0,51.0,60.578947368421055,37.578947368421055,19.366666666666667,26.166666666666668
2020-05-08,10.85,0.0178,0.0,0.0,52.0,61.1578947368421,42.0,22.78333333333333,30.2
2020-05-09,17.383333333333333,0.36125,0.051666666666666666,0.0,41.0,52.36842105263158,35.10526315789474,34.56666666666667,46.21666666666667
2020-05-10,13.0,0.0163265306122449,0.0,0.0,44.0,52.36842105263158,33.0,29.016666666666666,37.96666666666667
2020-05-11,8.966666666666667,0.02494949494949495,0.0,0.0,52.0,62.526315789473685,38.05263157894737,25.316666666666666,34.666666666666664
2020-05-12,13.966666666666667,0.28071428571428575,0.0,0.0,48.0,60.578947368421055,39.63157894736842,24.516666666666666,32.36666666666667
2020-05-13,11.866666666666667,0.0011111111111111113,0.0,0.0,48.0,58.0,34.89473684210526,25.0,33.88333333333333
2020-05-14,8.299999999999999,0.0,0.0,0.0,57.0,64.94736842105263,35.89473684210526,18.966666666666665,25.016666666666666
2020-05-15,8.833333333333334,0.08333333333333333,0.0,0.0,60.0,74.36842105263158,47.63157894736842,29.016666666666666,40.21666666666667
2020-05-16,10.200000000000001,0.5797142857142857,0.0,0.0,63.0,72.94444444444444,50.94444444444444,22.266666666666666,30.916666666666668
2020-05-17,6.3500000000000005,0.0002941176470588235,0.0,0.0,54.0,69.05555555555556,46.05555555555556,14.700000000000001,18.150000000000002
2020-05-18,6.5,0.0014851485148514852,0.0,0.0,54.0,64.11111111111111,48.388888888888886,14.549999999999999,18.033333333333335
2020-05-19,9.466666666666667,0.0006060606060606061,0.0,0.0,51.0,60.388888888888886,43.5,20.966666666666665,28.0
2020-05-20,5.466666666666668,0.0,0.0,0.0,51.0,62.2,39.7,13.516666666666666,19.183333333333334
2020-05-21,8.833333333333334,0.0,0.0,0.0,58.0,71.26315789473684,40.05555555555556,18.333333333333332,23.650000000000002
2020-05-22,11.6,0.0,0.0,0.0,67.0,80.0,48.1,19.183333333333334,25.316666666666666
2020-05-23,11.233333333333334,0.0062,0.0,0.0,62.0,76.26315789473684,52.578947368421055,25.150000000000002,33.18333333333333
2020-05-24,8.4,0.005454545454545455,0.0,0.0,50.0,65.3,42.85,16.0,21.666666666666668
2020-05-25,5.3,0.00846938775510204,0.0,0.0,50.0,63.4,46.8,10.566666666666666,13.4
2020-05-26,4.666666666666667,0.001,0.0,0.0,56.0,73.9,51.35,14.066666666666668,18.516666666666666
2020-05-27,9.833333333333334,0.0,0.0,0.0,70.0,81.9,58.6,18.816666666666666,24.833333333333332
2020-05-28,11.583333333333334,0.0009,0.0,0.0,71.0,82.6,63.2,20.150000000000002,26.166666666666668
2020-05-29,14.6,0.025151515151515154,0.0,0.0,73.0,80.55,66.8,26.166666666666668,35.85
2020-05-30,9.783333333333333,0.08505154639175258,0.0,0.0,73.0,80.6470588235294,63.94117647058823,19.666666666666668,25.650000000000002
2020-05-31,12.333333333333334,0.0007142857142857144,0.0,0.0,65.0,74.65,53.2,22.599999999999998,30.733333333333334
2020-06-01,8.266666666666667,0.0014563106796116505,0.0,0.0,56.0,66.15,41.85,19.816666666666666,26.8
2020-06-02,5.683333333333334,0.0013725490196078432,0.0,0.0,56.0,67.15,42.55,17.333333333333332,22.183333333333334
2020-06-03,6.116666666666667,0.02892156862745098,0.0,0.0,65.0,74.3,51.85,16.733333333333334,22.46666666666667
2020-06-04,7.55,0.021666666666666667,0.0,0.0,74.0,82.75,56.75,17.25,23.116666666666664
2020-06-05,9.65,0.09235849056603775,0.0,0.0,72.0,83.75,64.6,18.816666666666666,23.816666666666666
2020-06-06,9.116666666666667,0.12673267326732673,0.0,0.0,75.0,84.94736842105263,64.63157894736842,29.333333333333332,40.766666666666666
2020-06-07,7.483333333333333,0.3298019801980198,0.0,0.0,62.0,76.94736842105263,55.26315789473684,17.666666666666668,24.433333333333334
2020-06-08,6.900000000000001,0.0059793814432989685,0.0,0.0,66.0,73.2,49.0,17.516666666666666,24.833333333333332
2020-06-09,4.45,0.0007000000000000001,0.0,0.0,67.0,78.25,53.45,12.916666666666666,17.516666666666666
2020-06-10,8.433333333333334,0.00010204081632653062,0.0,0.0,62.0,75.0,58.5,17.516666666666666,22.650000000000002
2020-06-11,11.483333333333334,0.039599999999999996,0.0,0.0,67.0,74.45,61.0,21.983333333333334,30.400000000000002
2020-06-12,7.733333333333333,0.5077669902912622,0.0,0.0,73.0,78.7,63.85,18.516666666666666,25.166666666666668
2020-06-13,7.6499999999999995,0.0028125000000000003,0.0,0.0,66.0,77.6842105263158,55.21052631578947,14.583333333333334,18.849999999999998
2020-06-14,7.833333333333333,0.0,0.0,0.0,60.0,71.3,49.4,15.033333333333333,19.966666666666665
2020-06-15,6.433333333333334,0.0,0.0,0.0,59.0,69.95,51.05,13.883333333333333,18.816666666666666
2020-06-16,5.533333333333334,0.0,0.0,0.0,62.0,73.6,48.25,14.216666666666667,19.150000000000002
2020-06-17,4.683333333333334,0.0,0.0,0.0,64.0,77.7,48.1,13.033333333333333,17.033333333333335
2020-06-18,7.483333333333333,0.0,0.0,0.0,72.0,83.8,55.45,16.183333333333334,20.633333333333333
2020-06-19,10.033333333333333,0.0,0.0,0.0,77.0,87.3,65.55,15.85,20.966666666666665
2020-06-20,7.716666666666666,0.0,0.0,0.0,79.0,90.3,66.6,14.883333333333335,20.116666666666664
2020-06-21,5.716666666666666,0.014210526315789472,0.0,0.0,78.0,91.45,67.05,19.2,23.666666666666668
2020-06-22,5.95,0.08363636363636363,0.0,0.0,67.0,84.35,65.25,11.733333333333334,15.733333333333334
2020-06-23,8.116666666666667,0.0,0.0,0.0,72.0,84.3,64.5,18.483333333333334,23.96666666666667
2020-06-24,7.483333333333333,0.0211340206185567,0.0,0.0,76.0,86.8,66.5,18.966666666666665,23.866666666666664
2020-06-25,6.766666666666667,0.1757,0.0,0.0,77.0,85.4,60.5,16.849999999999998,24.333333333333332
2020-06-26,6.466666666666666,0.004166666666666667,0.0,0.0,76.0,84.9,62.15,16.55,22.616666666666664
2020-06-27,5.183333333333334,0.0336734693877551,0.0,0.0,74.0,84.2,59.9,13.700000000000001,18.333333333333332
2020-06-28,5.516666666666667,0.254040404040404,0.0,0.0,70.0,84.0,61.7,20.5,26.833333333333332
2020-06-29,5.316666666666666,1.1434313725490195,0.0,0.0,67.0,78.4,63.3,14.033333333333333,17.7
2020-06-30,5.016666666666667,0.3417171717171717,0.0,0.0,64.0,71.3,62.65,11.066666666666668,14.366666666666667
2020-07-01,3.966666666666667,0.12098039215686274,0.0,0.0,66.0,73.8,63.2,12.883333333333333,16.733333333333334
2020-07-02,4.333333333333333,0.16635416666666666,0.0,0.0,71.0,82.4,62.0,21.166666666666668,27.849999999999998
2020-07-03,9.733333333333333,0.016914893617021278,0.0,0.0,72.0,81.7,62.6,18.666666666666668,24.53333333333333
2020-07-04,5.75,0.003695652173913043,0.0,0.0,65.0,76.6842105263158,60.68421052631579,11.366666666666667,15.066666666666668
2020-07-05,5.183333333333333,0.023297872340425532,0.0,0.0,69.0,81.8,62.6,17.366666666666667,22.95
2020-07-06,6.333333333333333,0.2757,0.0,0.0,68.0,79.6,62.65,14.216666666666667,18.666666666666668
2020-07-07,7.75,0.0001,0.0,0.0,68.0,77.75,60.0,17.400000000000002,22.616666666666664
2020-07-08,9.366666666666667,0.0054,0.0,0.0,74.0,82.55,65.2,20.333333333333332,27.383333333333336
2020-07-09,6.6000000000000005,0.01575757575757576,0.0,0.0,78.0,87.75,69.55,14.583333333333334,18.366666666666667
2020-07-10,8.283333333333333,0.005463917525773196,0.0,0.0,74.0,86.25,69.3,18.183333333333334,23.766666666666666
2020-07-11,13.466666666666667,0.1303921568627451,0.0,0.0,77.0,86.45,71.15,23.766666666666666,31.516666666666666
2020-07-12,11.316666666666668,0.0012371134020618558,0.0,0.0,80.0,88.15789473684211,71.52631578947368,21.0,27.683333333333334
2020-07-13,5.433333333333334,0.029583333333333333,0.0,0.0,78.0,87.0,69.52631578947368,19.849999999999998,26.349999999999998
2020-07-14,6.7,0.1988888888888889,0.0,0.0,71.0,82.95,64.6,17.683333333333334,22.983333333333334
2020-07-15,6.433333333333334,0.1283838383838384,0.0,0.0,66.0,76.95,61.35,13.883333333333333,17.55
2020-07-16,6.366666666666667,0.0017894736842105265,0.0,0.0,65.0,74.05,55.6,16.883333333333333,22.5
2020-07-17,6.883333333333333,0.16424242424242425,0.0,0.0,64.0,74.3,57.2,15.883333333333333,20.3
2020-07-18,5.366666666666667,0.09484536082474226,0.0,0.0,77.0,83.4,60.95,14.033333333333333,17.733333333333334
2020-07-19,9.216666666666667,0.0020833333333333333,0.0,0.0,82.0,92.3,66.55,19.0,25.5
2020-07-20,9.916666666666666,0.002577319587628866,0.0,0.0,82.0,94.25,72.25,18.366666666666667,24.633333333333336
2020-07-21,7.0,0.0,0.0,0.0,83.0,91.3,67.8,16.883333333333336,22.849999999999998
2020-07-22,5.683333333333334,0.06364583333333333,0.0,0.0,75.0,85.9,67.6,12.733333333333334,15.84
2020-07-23,4.916666666666667,0.5576767676767677,0.0,0.0,76.0,84.8,68.0,21.5,29.816666666666666
2020-07-24,4.616666666666666,0.4415533980582524,0.0,0.0,74.0,85.36842105263158,67.36842105263158,11.200000000000001,14.033333333333333
2020-07-25,4.3500000000000005,0.00020202020202020202,0.0,0.0,76.0,85.65,63.6,12.049999999999999,15.883333333333333
2020-07-26,9.799999999999999,0.0,0.0,0.0,81.0,89.95,68.2,19.333333333333332,25.633333333333336
2020-07-27,9.35,0.0,0.0,0.0,86.0,92.85,70.85,16.55,22.150000000000002
2020-07-28,8.733333333333333,0.0006060606060606061,0.0,0.0,87.0,94.6,74.1,19.400000000000002,25.650000000000002
2020-07-29,7.066666666666666,0.03,0.0,0.0,80.0,92.5,65.65,15.550000000000002,20.183333333333334
2020-07-30,6.25,0.013333333333333334,0.0,0.0,78.0,89.22222222222223,69.88888888888889,20.3,27.516666666666666
2020-07-31,4.616666666666666,0.05515151515151515,0.0,0.0,75.0,86.2,66.55,12.066666666666668,15.883333333333335
2020-08-01,5.483333333333333,0.0,0.0,0.0,75.0,86.05,63.2,13.316666666666668,17.400000000000002
2020-08-02,8.65,0.012083333333333333,0.0,0.0,77.0,86.9,67.15,20.266666666666666,26.75
2020-08-03,10.166666666666666,0.18908163265306124,0.0,0.0,83.0,88.5,72.05,23.816666666666666,32.550000000000004
2020-08-04,12.383333333333333,0.0229,0.0,0.0,76.0,87.0,70.7,35.666666666666664,50.21666666666667
2020-08-05,8.799999999999999,0.21529411764705883,0.0,0.0,79.0,87.5,68.6,19.016666666666666,25.599999999999998
2020-08-06,4.95,0.0,0.0,0.0,77.0,87.45,61.95,14.183333333333332,18.516666666666666
2020-08-07,4.8999999999999995,0.00020833333333333335,0.0,0.0,71.0,81.78947368421052,61.421052631578945,11.549999999999999,13.916666666666666
2020-08-08,4.8999999999999995,0.0031632653061224487,0.0,0.0,70.0,81.55,63.2,13.4,17.033333333333335
2020-08-09,8.0,0.0,0.0,0.0,76.0,87.5,65.5,17.183333333333334,22.766666666666666
2020-08-10,6.533333333333332,0.0005,0.0,0.0,81.0,91.9,69.05,14.4,19.483333333333334
2020-08-11,9.4,0.0,0.0,0.0,83.0,93.47368421052632,71.26315789473684,19.633333333333333,26.150000000000002
2020-08-12,6.566666666666666,0.016,0.0,0.0,81.0,93.3157894736842,72.89473684210526,15.216666666666667,19.0
2020-08-13,4.95,0.0017821782178217825,0.0,0.0,79.0,90.55,67.65,12.383333333333333,15.733333333333334
2020-08-14,6.866666666666667,0.0,0.0,0.0,73.0,86.2,63.3,15.366666666666667,20.816666666666666
2020-08-15,10.183333333333334,0.0,0.0,0.0,68.0,77.45,61.95,21.78333333333333,29.53333333333333
2020-08-16,9.166666666666666,0.011700000000000002,0.0,0.0,67.0,70.7,62.55,16.7,22.266666666666666
2020-08-17,7.983333333333333,0.17447619047619048,0.0,0.0,66.0,73.05,61.55,14.4,18.866666666666667
2020-08-18,7.766666666666667,0.24038095238095236,0.0,0.0,73.0,80.94736842105263,61.68421052631579,16.583333333333332,23.116666666666664
2020-08-19,4.883333333333334,0.0062499999999999995,0.0,0.0,71.0,82.11111111111111,56.888888888888886,19.633333333333333,27.016666666666666
2020-08-20,6.116666666666667,0.0692156862745098,0.0,0.0,69.0,80.15,54.15,15.066666666666668,21.3
2020-08-21,8.5,0.0001,0.0,0.0,75.0,84.6,57.4,18.883333333333336,25.433333333333334
2020-08-22,4.25,0.02217821782178218,0.0,0.0,75.0,86.0,61.5,15.883333333333335,20.183333333333334
2020-08-23,5.966666666666666,0.307,0.0,0.0,73.0,87.5,61.05,30.03333333333333,44.300000000000004
2020-08-24,5.166666666666667,0.6451923076923076,0.0,0.0,75.0,88.55,63.05,13.883333333333333,17.7
2020-08-25,9.716666666666667,0.0058,0.0,0.0,79.0,88.05,66.3,24.816666666666666,35.21666666666667
2020-08-26,10.666666666666666,0.0019801980198019802,0.0,0.0,69.0,82.65,58.25,21.333333333333332,27.116666666666664
2020-08-27,4.2,0.02616161616161616,0.0,0.0,64.0,71.75,55.45,10.85,14.4
2020-08-28,4.683333333333334,0.2776237623762376,0.0,0.0,68.0,75.1,58.25,14.1,19.3
2020-08-29,7.25,0.0401,0.0,0.0,70.0,77.9,61.4,19.016666666666666,25.46666666666667
2020-08-30,11.783333333333333,0.26882352941176474,0.0,0.0,72.0,75.6,58.55,24.3,32.550000000000004
2020-08-31,5.283333333333333,0.00020202020202020202,0.0,0.0,65.0,75.0,50.35,13.733333333333334,18.333333333333332
2020-09-01,7.25,0.0,0.0,0.0,66.0,75.85,53.55,17.033333333333335,21.46666666666667
2020-09-02,6.166666666666667,0.024999999999999998,0.0,0.0,65.0,73.05,57.35,14.200000000000001,19.666666666666668
2020-09-03,4.7,0.28815533980582525,0.0,0.0,71.0,74.73684210526316,64.78947368421052,13.049999999999999,16.7
2020-09-04,7.6499999999999995,0.02101010101010101,0.0,0.0,74.0,80.6,62.55,16.849999999999998,22.96666666666667
2020-09-05,7.5,0.0,0.0,0.0,70.0,80.89473684210526,53.10526315789474,17.400000000000002,24.983333333333334
2020-09-06,4.3999999999999995,0.0,0.0,0.0,69.0,79.2,54.85,14.583333333333334,19.0
2020-09-07,8.333333333333334,0.00020202020202020202,0.0,0.0,70.0,80.2,58.55,19.3,26.016666666666666
2020-09-08,5.616666666666667,0.0,0.0,0.0,69.0,82.55,58.65,12.9,17.483333333333334
2020-09-09,4.483333333333333,0.0,0.0,0.0,69.0,82.9047619047619,62.0,11.049999999999999,14.066666666666668
2020-09-10,5.833333333333333,0.0825,0.0,0.0,74.0,82.23809523809524,65.95238095238095,14.033333333333333,18.033333333333335
2020-09-11,6.683333333333334,0.5268571428571429,0.0,0.0,67.0,78.33333333333333,58.19047619047619,14.733333333333334,19.683333333333334
2020-09-12,6.483333333333333,0.0025,0.0,0.0,60.0,68.42857142857143,47.666666666666664,15.066666666666668,19.483333333333334
2020-09-13,7.5,0.00019801980198019803,0.0,0.0,63.0,72.33333333333333,46.523809523809526,17.7,23.46666666666667
2020-09-14,10.716666666666667,0.0052525252525252525,0.0,0.0,70.0,75.28571428571429,52.523809523809526,20.333333333333332,28.05
2020-09-15,4.6499999999999995,0.00010101010101010101,0.0,0.0,56.0,69.85714285714286,43.523809523809526,11.583333333333334,15.216666666666669
2020-09-16,11.566666666666668,0.0,0.0,0.0,61.0,68.85714285714286,45.333333333333336,21.96666666666667,29.05
2020-09-17,7.866666666666667,0.0,0.0,0.0,67.0,74.66666666666667,52.333333333333336,15.666666666666666,20.333333333333332
2020-09-18,10.200000000000001,0.0,0.0,0.0,62.0,71.19047619047619,53.476190476190474,17.733333333333334,25.366666666666664
2020-09-19,6.866666666666667,0.0,0.0,0.0,54.0,63.95,41.714285714285715,15.216666666666667,21.3
2020-09-20,7.1499999999999995,0.0,0.0,0.0,52.0,61.095238095238095,37.904761904761905,17.849999999999998,24.883333333333336
2020-09-21,6.8500000000000005,0.0,0.0,0.0,53.0,61.421052631578945,36.31578947368421,17.033333333333335,23.5
2020-09-22,9.8,0.0,0.0,0.0,54.0,64.05,36.25,18.366666666666667,25.599999999999998
2020-09-23,9.4,0.0,0.0,0.0,65.0,71.9047619047619,46.0,20.45,28.383333333333336
2020-09-24,5.8999999999999995,0.0,0.0,0.0,69.0,77.85714285714286,50.142857142857146,13.733333333333334,18.366666666666667
2020-09-25,4.6000000000000005,0.0,0.0,0.0,65.0,77.52380952380952,51.666666666666664,13.366666666666667,16.033333333333335
2020-09-26,5.733333333333333,9.70873786407767e-05,0.0,0.0,63.0,76.9047619047619,53.666666666666664,13.049999999999999,17.216666666666665
2020-09-27,6.366666666666667,0.0003883495145631068,0.0,0.0,69.0,77.80952380952381,60.42857142857143,15.366666666666667,19.666666666666668
2020-09-28,8.233333333333333,0.06905660377358491,0.0,0.0,70.0,78.9047619047619,64.80952380952381,16.733333333333334,21.75
2020-09-29,7.583333333333333,0.02669902912621359,0.0,0.0,68.0,79.04761904761905,61.904761904761905,16.333333333333332,21.8
2020-09-30,14.466666666666667,0.4557407407407407,0.0,0.0,71.0,76.04761904761905,59.80952380952381,36.583333333333336,52.199999999999996
2020-10-01,8.066666666666666,0.12603960396039604,0.0,0.0,65.0,74.63157894736842,53.63157894736842,18.033333333333335,23.433333333333334
2020-10-02,4.433333333333334,0.004174757281553398,0.0,0.0,61.0,69.52380952380952,50.333333333333336,13.4,17.366666666666667
2020-10-03,4.366666666666666,0.02168316831683168,0.0,0.0,56.0,65.05,40.85,14.0,17.516666666666666
2020-10-04,4.616666666666666,0.0006862745098039216,0.0,0.0,56.0,66.42857142857143,39.80952380952381,12.733333333333334,15.366666666666667
2020-10-05,5.416666666666667,0.007596153846153846,0.0,0.0,57.0,64.76190476190476,45.285714285714285,11.916666666666666,15.066666666666668
2020-10-06,7.716666666666666,0.010285714285714287,0.0,0.0,58.0,66.95238095238095,44.666666666666664,18.366666666666667,23.483333333333334
2020-10-07,13.799999999999999,0.009811320754716982,0.0,0.0,62.0,71.61904761904762,50.04761904761905,40.18333333333333,57.199999999999996
2020-10-08,12.450000000000001,0.07714285714285714,0.0,0.0,57.0,68.52380952380952,47.80952380952381,22.983333333333334,33.03333333333333
2020-10-09,7.433333333333334,0.0,0.0,0.0,51.0,61.666666666666664,35.61904761904762,16.883333333333336,22.8
2020-10-10,15.366666666666667,0.0,0.0,0.0,63.0,69.28571428571429,44.04761904761905,26.316666666666666,34.666666666666664
2020-10-11,8.333333333333334,0.0,0.0,0.0,60.0,72.33333333333333,47.76190476190476,19.483333333333334,26.650000000000002
2020-10-12,10.266666666666667,0.0,0.0,0.0,52.0,59.904761904761905,42.38095238095238,19.150000000000002,23.766666666666666
2020-10-13,10.816666666666668,0.36783018867924533,0.0,0.0,55.0,57.75,48.57142857142857,17.849999999999998,23.45
2020-10-14,7.066666666666666,1.1959259259259258,0.0,0.0,58.0,64.0,47.333333333333336,16.400000000000002,23.333333333333332
2020-10-15,9.933333333333334,0.0006666666666666668,0.0,0.0,59.0,70.80952380952381,41.95238095238095,24.333333333333332,33.983333333333334
2020-10-16,8.35,0.04163461538461539,0.0,0.0,61.0,71.76190476190476,47.0,19.033333333333335,25.166666666666668
2020-10-17,10.233333333333334,1.6775700934579438,0.0,0.0,51.0,64.76190476190476,40.76190476190476,23.483333333333334,33.06666666666667
2020-10-18,4.85,0.054607843137254905,0.0,0.0,49.0,58.857142857142854,33.23809523809524,14.700000000000001,19.183333333333334
2020-10-19,3.5500000000000003,0.0001941747572815534,0.0,0.0,51.0,61.714285714285715,35.095238095238095,13.049999999999999,15.549999999999999
2020-10-20,4.466666666666667,0.00048543689320388353,0.0,0.0,56.0,65.42857142857143,42.45,14.066666666666668,18.966666666666665
2020-10-21,6.1499999999999995,0.035673076923076925,0.0,0.0,58.0,68.04761904761905,51.0,13.4,17.0
2020-10-22,5.166666666666667,0.014903846153846155,0.0,0.0,62.0,70.0952380952381,55.23809523809524,12.25,15.733333333333334
2020-10-23,4.966666666666667,0.003592233009708738,0.0,0.0,57.0,70.19047619047619,53.904761904761905,12.049999999999999,15.4
2020-10-24,8.299999999999999,0.00028846153846153843,0.0,0.0,60.0,68.2,49.85,20.683333333333334,29.0
2020-10-25,6.3999999999999995,0.0006730769230769232,0.0,0.0,47.0,60.666666666666664,39.666666666666664,13.4,17.21666666666667
2020-10-26,5.45,0.015377358490566038,0.0,0.0,50.0,51.57142857142857,41.476190476190474,12.683333333333332,15.700000000000001
2020-10-27,6.033333333333334,0.028737864077669904,0.0,0.0,51.0,53.285714285714285,45.333333333333336,14.883333333333333,19.816666666666666
2020-10-28,4.0,0.07786407766990291,0.0,0.0,47.0,52.142857142857146,42.61904761904762,11.033333333333333,14.100000000000001
2020-10-29,6.816666666666666,0.29815533980582526,0.0,0.0,47.0,49.142857142857146,42.0,22.349999999999998,30.866666666666664
2020-10-30,10.35,1.0897,0.5909090909090909,0.2705882352941177,37.0,45.61904761904762,29.904761904761905,23.183333333333334,32.31666666666667
2020-10-31,3.6500000000000004,0.3821052631578947,3.464197530864198,3.55625,33.0,39.3,20.095238095238095,10.233333333333333,13.433333333333335
2020-11-01,6.0,0.05316831683168317,0.0,1.1333333333333333,42.0,46.76190476190476,25.476190476190474,22.7,33.016666666666666
2020-11-02,15.950000000000001,0.5333962264150943,0.0,0.03508771929824561,42.0,48.04761904761905,32.904761904761905,32.699999999999996,45.53333333333333
2020-11-03,11.683333333333332,0.0031067961165048546,0.0025974025974025974,0.0,38.0,43.38095238095238,31.095238095238095,26.96666666666667,38.199999999999996
2020-11-04,6.716666666666666,0.0,0.0,0.0,40.0,48.76190476190476,29.428571428571427,16.033333333333335,21.316666666666666
2020-11-05,12.633333333333333,0.0003883495145631068,0.0,0.0,57.0,62.666666666666664,40.476190476190474,23.983333333333334,31.516666666666666
2020-11-06,9.766666666666667,0.0001923076923076923,0.0,0.0,61.0,71.52380952380952,51.857142857142854,18.849999999999998,25.150000000000002
2020-11-07,5.816666666666666,0.0,0.0,0.0,61.0,74.47368421052632,46.473684210526315,13.25,16.366666666666667
2020-11-08,3.1833333333333336,0.0,0.0,0.0,60.0,74.95,42.7,10.833333333333334,13.25
2020-11-09,2.4833333333333334,0.0,0.0,0.0,51.0,73.61904761904762,39.904761904761905,9.633333333333335,12.700000000000001
2020-11-10,7.783333333333334,0.0,0.0,0.0,58.0,74.8,40.95,18.150000000000002,23.816666666666666
2020-11-11,12.0,0.0015841584158415843,0.0,0.0,64.0,75.0,50.42857142857143,24.96666666666667,32.88333333333333
2020-11-12,7.816666666666666,0.032616822429906545,0.0,0.0,61.0,70.57142857142857,52.57142857142857,19.183333333333334,25.96666666666667
2020-11-13,7.5,0.062115384615384614,0.0,0.0,48.0,56.714285714285715,42.333333333333336,14.066666666666668,18.333333333333332
2020-11-14,7.533333333333334,0.15650485436893205,0.0,0.0,43.0,48.904761904761905,32.142857142857146,19.333333333333332,25.150000000000002
2020-11-15,9.65,0.0341747572815534,0.0,0.0,41.0,52.857142857142854,25.571428571428573,33.85,48.0
2020-11-16,11.266666666666666,0.4178899082568807,0.0,0.0,51.0,57.57142857142857,33.285714285714285,27.016666666666666,35.18333333333333
2020-11-17,8.733333333333333,0.0,0.0,0.0,43.0,50.526315789473685,32.526315789473685,18.816666666666666,24.78333333333333
2020-11-18,10.916666666666666,0.0002,0.0,0.0,33.0,42.0,24.6,24.516666666666666,34.18333333333333
2020-11-19,9.916666666666666,0.0,0.0,0.0,29.0,39.94736842105263,17.894736842105264,21.53333333333333,28.866666666666664
2020-11-20,12.316666666666668,9.615384615384615e-05,0.0,0.0,51.0,55.7,31.85,20.833333333333332,26.833333333333332
2020-11-21,7.8999999999999995,9.70873786407767e-05,0.0,0.0,55.0,62.8421052631579,40.31578947368421,16.366666666666667,21.5
2020-11-22,8.866666666666667,0.0,0.0,0.0,42.0,54.578947368421055,31.473684210526315,18.183333333333334,23.46666666666667
2020-11-23,11.466666666666667,0.5574766355140187,0.0,0.0,49.0,57.63157894736842,35.473684210526315,24.316666666666666,33.416666666666664
2020-11-24,9.15,1.160566037735849,0.0,0.0,39.0,50.4,28.8,18.883333333333336,26.016666666666666
2020-11-25,3.6166666666666667,0.00028846153846153843,0.0,0.0,37.0,46.3,24.65,11.5,14.549999999999999
2020-11-26,5.816666666666666,0.1269811320754717,0.0,0.0,49.0,53.45,35.35,15.333333333333334,19.683333333333334
2020-11-27,3.3333333333333335,0.31407766990291264,0.0,0.0,49.0,54.85,37.8,9.35,12.316666666666668
2020-11-28,5.95,0.00603960396039604,0.0,0.0,49.0,53.94736842105263,38.1578947368421,18.21666666666667,25.116666666666664
2020-11-29,5.95,0.0026415094339622643,0.0,0.0,44.0,53.45,30.45,13.4,17.366666666666667
2020-11-30,13.483333333333334,0.1198148148148148,0.0,0.0,46.0,57.75,31.05,37.53333333333333,54.63333333333333
2020-12-01,13.616666666666667,1.6133333333333335,0.0,0.0,59.0,63.476190476190474,40.857142857142854,30.666666666666668,42.13333333333333
2020-12-02,11.333333333333334,0.0009433962264150943,0.0,0.0,41.0,53.476190476190474,33.095238095238095,20.633333333333333,27.650000000000002
2020-12-03,9.483333333333333,9.523809523809524e-05,0.0,0.0,41.0,47.523809523809526,30.19047619047619,16.216666666666665,21.349999999999998
2020-12-04,11.016666666666666,0.0015094339622641509,0.0,0.0,47.0,54.04761904761905,35.857142857142854,20.816666666666666,27.55
2020-12-05,15.133333333333333,0.5549999999999999,0.12903225806451613,0.08113207547169811,43.0,54.42857142857143,37.76190476190476,29.866666666666664,45.666666666666664
2020-12-06,15.5,1.6596190476190475,1.488888888888889,1.426865671641791,34.0,40.2,30.6,25.983333333333334,39.03333333333333
2020-12-07,8.616666666666667,0.0,0.0,1.0145454545454544,30.0,36.7,24.3,17.183333333333334,22.166666666666668
2020-12-08,10.333333333333334,0.004803921568627451,0.049999999999999996,0.7677966101694915,29.0,33.285714285714285,24.571428571428573,17.333333333333332,23.28333333333333
2020-12-09,4.816666666666666,0.000679611650485437,0.008433734939759036,0.7107142857142856,29.0,34.35,19.75,11.049999999999999,13.733333333333334
2020-12-10,6.683333333333334,0.0,0.0,0.6448275862068965,38.0,40.19047619047619,25.333333333333332,20.0,27.816666666666666
2020-12-11,6.683333333333334,0.0,0.0,0.4788461538461538,39.0,47.42857142857143,24.428571428571427,19.183333333333334,25.833333333333332
2020-12-12,4.466666666666667,0.044423076923076926,0.0,0.37450980392156863,42.0,49.0,29.75,13.35,16.866666666666667
2020-12-13,5.816666666666666,0.364952380952381,0.0,0.10754716981132076,47.0,52.904761904761905,35.04761904761905,16.183333333333334,21.666666666666668
2020-12-14,5.166666666666667,0.006138613861386139,0.005063291139240506,0.0,38.0,48.714285714285715,30.80952380952381,14.733333333333334,19.083333333333332
2020-12-15,11.283333333333333,0.057961165048543685,0.007462686567164179,0.0,33.0,37.476190476190474,25.714285714285715,21.650000000000002,28.7
2020-12-16,8.799999999999999,0.0030693069306930694,0.0225,0.0,22.0,31.476190476190474,15.619047619047619,19.733333333333334,26.599999999999998
2020-12-17,16.98,0.8915957446808511,9.681609195402299,9.728,26.0,30.38095238095238,17.571428571428573,28.46666666666667,47.300000000000004
2020-12-18,7.45,0.18752808988764047,2.169736842105263,10.312857142857142,25.0,28.428571428571427,17.761904761904763,14.700000000000001,19.5
2020-12-19,2.85,0.004356435643564357,0.016049382716049384,9.237037037037037,23.0,30.25,9.4,9.5,11.049999999999999
2020-12-20,2.316666666666667,0.006,0.04578313253012048,8.396296296296295,29.0,33.666666666666664,14.952380952380953,7.8500000000000005,10.033333333333333
2020-12-21,3.733333333333333,0.043838383838383836,0.4346666666666667,8.066129032258065,33.0,35.714285714285715,21.19047619047619,11.516666666666666,14.516666666666666
2020-12-22,9.466666666666667,0.0,0.0,6.823529411764706,38.0,40.0,26.428571428571427,21.5,28.583333333333332
2020-12-23,7.433333333333334,0.0,0.0,6.088679245283019,35.0,41.04761904761905,25.333333333333332,18.633333333333333,25.133333333333336
2020-12-24,11.466666666666667,0.0001941747572815534,0.0,5.188679245283019,39.0,48.095238095238095,25.19047619047619,23.983333333333334,32.88333333333333
2020-12-25,17.150000000000002,0.8456,0.0,0.20909090909090908,53.0,59.76190476190476,37.666666666666664,34.03333333333333,47.199999999999996
2020-12-26,13.35,1.0113131313131314,0.0,0.0,36.0,51.9,28.85,26.133333333333336,34.18333333333333
2020-12-27,6.033333333333334,0.0,0.0,0.0,31.0,36.61904761904762,22.38095238095238,13.25,17.400000000000002
2020-12-28,7.233333333333333,0.0,0.0,0.0,37.0,44.45,22.75,18.866666666666667,27.03333333333333
2020-12-29,13.083333333333334,9.80392156862745e-05,0.0,0.0,37.0,45.0,26.333333333333332,28.8,41.1
2020-12-30,9.799999999999999,0.0,0.0,0.0,28.0,38.76190476190476,19.285714285714285,22.25,29.683333333333334
2020-12-31,11.4,0.10305555555555557,0.0,0.0,42.0,45.05,24.9,23.150000000000002,30.833333333333332
2021-01-01,3.6999999999999997,0.009528301886792453,0.0037974683544303796,0.0,34.0,41.333333333333336,24.0,12.733333333333334,16.366666666666667
2021-01-02,11.049999999999999,0.44317307692307695,0.35522388059701493,0.21379310344827587,39.0,42.9,28.3,23.150000000000002,32.03333333333333
2021-01-03,6.183333333333334,0.05040404040404041,0.014492753623188406,0.0,33.0,39.76190476190476,26.571428571428573,13.549999999999999,18.183333333333334
2021-01-04,8.233333333333333,0.04533980582524272,0.46447368421052626,0.48095238095238096,34.0,37.76190476190476,29.238095238095237,14.366666666666667,19.866666666666667
2021-01-05,8.716666666666667,0.009716981132075472,0.10493827160493827,0.14285714285714285,32.0,36.19047619047619,29.571428571428573,14.033333333333333,18.483333333333334
2021-01-06,10.516666666666667,0.022735849056603776,0.21282051282051284,0.19999999999999998,33.0,36.57142857142857,29.61904761904762,18.0,24.983333333333334
2021-01-07,10.616666666666667,0.0,0.0,0.008620689655172414,34.0,40.42857142857143,29.095238095238095,17.366666666666667,23.183333333333334
2021-01-08,8.033333333333333,0.0,0.0,0.0,32.0,41.6,22.3,15.883333333333333,22.21666666666667
2021-01-09,8.483333333333333,0.0,0.0,0.0,29.0,37.89473684210526,21.94736842105263,15.700000000000001,20.683333333333334
2021-01-10,6.75,0.0,0.0,0.0,33.0,38.666666666666664,22.857142857142858,13.916666666666666,18.900000000000002
2021-01-11,3.3666666666666667,0.0,0.0,0.0,31.0,38.04761904761905,18.523809523809526,9.65,12.166666666666666
2021-01-12,5.533333333333334,0.0,0.0,0.0,33.0,38.714285714285715,21.047619047619047,15.216666666666669,21.116666666666664
2021-01-13,4.3999999999999995,0.0,0.0,0.0,35.0,41.42857142857143,24.333333333333332,10.733333333333334,14.183333333333332
2021-01-14,3.016666666666667,0.006470588235294118,0.0,0.0,35.0,40.85,27.25,8.85,11.1
2021-01-15,5.366666666666667,0.08672897196261682,0.0,0.0,36.0,41.9,29.8,14.066666666666668,18.566666666666666
2021-01-16,15.12,0.6080555555555556,0.0,0.0,42.0,48.31578947368421,33.0,33.980000000000004,44.239999999999995
2021-01-17,16.619999999999997,0.7158823529411764,0.0,0.0,39.0,47.95,34.65,29.400000000000002,39.800000000000004
2021-01-18,12.283333333333333,0.0,0.0,0.0,40.0,44.65,33.1,22.433333333333334,31.366666666666664
2021-01-19,8.566666666666666,0.0,0.0,0.0,33.0,42.75,24.55,17.066666666666666,23.150000000000002
2021-01-20,8.116666666666667,0.0027884615384615383,0.018823529411764708,0.010000000000000002,34.0,39.523809523809526,25.142857142857142,21.45,29.016666666666666
2021-01-21,5.633333333333333,0.00019047619047619048,0.009876543209876543,0.0,26.0,34.857142857142854,19.238095238095237,16.183333333333334,21.833333333333332
2021-01-22,6.55,0.002380952380952381,0.05060240963855422,0.02413793103448276,35.0,39.04761904761905,22.857142857142858,16.400000000000002,21.46666666666667
2021-01-23,14.766666666666666,0.002666666666666667,0.030952380952380953,0.1631578947368421,31.0,38.714285714285715,21.428571428571427,26.650000000000002,38.31666666666667
2021-01-24,17.650000000000002,0.0,0.003529411764705883,0.0,22.0,31.047619047619047,14.952380952380953,30.066666666666666,42.5
2021-01-25,10.549999999999999,0.0,0.0,0.0,26.0,33.76190476190476,16.61904761904762,19.816666666666666,26.7
2021-01-26,5.633333333333333,0.013942307692307691,0.128,0.12962962962962962,28.0,36.142857142857146,16.761904761904763,12.383333333333333,15.916666666666666
2021-01-27,6.116666666666667,0.25854368932038835,3.4292134831460674,3.5123287671232872,30.0,36.42857142857143,24.38095238095238,10.716666666666667,13.583333333333334
2021-01-28,11.783333333333333,0.02715686274509804,0.2197674418604651,2.174576271186441,31.0,34.142857142857146,22.666666666666668,25.45,35.0
2021-01-29,16.583333333333332,0.0271,0.31724137931034485,2.2467741935483874,15.0,25.857142857142858,6.619047619047619,27.53333333333333,37.31666666666667
2021-01-30,10.1,0.0003883495145631068,0.01020408163265306,1.9481481481481482,13.0,18.857142857142858,5.571428571428571,17.849999999999998,23.983333333333334
2021-01-31,3.1333333333333333,0.000196078431372549,0.0,1.8849056603773586,14.0,22.428571428571427,2.8095238095238093,9.966666666666667,12.850000000000001
2021-02-01,14.983333333333334,0.08885714285714286,0.45052631578947366,2.394642857142857,27.0,29.285714285714285,10.238095238095237,30.166666666666668,41.81666666666667
2021-02-02,15.516666666666666,1.2653684210526315,8.642307692307693,9.565625,32.0,35.57142857142857,25.714285714285715,29.150000000000002,41.050000000000004
2021-02-03,8.533333333333333,0.053894736842105266,0.23333333333333334,8.125862068965517,31.0,35.285714285714285,28.428571428571427,14.549999999999999,18.849999999999998
2021-02-04,6.933333333333334,0.007959183673469388,0.1211764705882353,7.338461538461539,33.0,37.85,26.3,15.916666666666666,20.633333333333333
2021-02-05,4.566666666666666,0.0015463917525773195,0.0056179775280898875,7.195918367346939,32.0,40.5,19.85,15.216666666666667,20.383333333333336
2021-02-06,10.200000000000001,0.00787878787878788,0.014457831325301207,6.0062500000000005,36.0,42.285714285714285,23.761904761904763,26.516666666666666,35.699999999999996
2021-02-07,6.3,0.0446078431372549,0.3193877551020408,6.09375,32.0,38.55,22.15,15.366666666666667,20.483333333333334
2021-02-08,8.233333333333333,0.43090909090909085,5.41046511627907,10.98688524590164,25.0,32.714285714285715,14.3,19.849999999999998,27.849999999999998
2021-02-09,4.166666666666667,0.014313725490196078,0.12040816326530612,10.854545454545455,24.0,28.142857142857142,12.6,10.533333333333333,13.916666666666666
2021-02-10,6.583333333333333,0.1572,2.363953488372093,11.823636363636362,25.0,29.333333333333332,10.523809523809524,16.55,22.150000000000002
2021-02-11,6.716666666666666,0.000196078431372549,0.0,11.227659574468086,25.0,31.571428571428573,14.1,17.849999999999998,24.333333333333332
2021-02-12,8.333333333333334,0.0,0.0,10.545652173913044,19.0,29.2,9.9,19.183333333333334,25.96666666666667
2021-02-13,6.216666666666666,0.0,0.0,10.075555555555555,23.0,27.842105263157894,13.368421052631579,12.883333333333333,17.21666666666667
2021-02-14,3.8000000000000003,9.900990099009902e-05,0.0,9.795652173913044,29.0,31.95,21.263157894736842,10.433333333333332,13.35
2021-02-15,6.966666666666666,0.0024271844660194173,0.0,9.863999999999999,31.0,33.9,26.3,13.583333333333334,17.516666666666666
2021-02-16,8.549999999999999,0.46131313131313134,0.0,7.698039215686275,33.0,39.857142857142854,28.666666666666668,23.983333333333334,32.21666666666667
2021-02-17,11.1,0.28541666666666665,0.0,6.1579999999999995,29.0,39.0,20.857142857142858,24.46666666666667,34.550000000000004
2021-02-18,5.516666666666667,0.0038,0.03297872340425532,6.061702127659574,27.0,30.857142857142858,20.19047619047619,13.100000000000001,17.333333333333332
2021-02-19,8.466666666666667,0.11788888888888888,1.23125,7.186792452830188,28.0,30.571428571428573,24.428571428571427,14.216666666666667,19.633333333333333
2021-02-20,9.133333333333333,0.25340425531914895,3.679746835443038,10.395081967213114,27.0,31.857142857142858,23.571428571428573,19.483333333333334,27.333333333333332
2021-02-21,7.233333333333333,0.00030000000000000003,0.00425531914893617,9.904166666666667,26.0,33.61904761904762,15.428571428571429,18.0,24.5
2021-02-22,8.35,0.01884615384615385,0.0,9.003703703703703,29.0,37.23809523809524,11.523809523809524,22.133333333333336,29.866666666666664
2021-02-23,9.966666666666667,0.1984313725490196,0.0,7.139583333333333,38.0,42.714285714285715,24.333333333333332,17.849999999999998,23.95
2021-02-24,11.583333333333334,0.0001941747572815534,0.0,6.0062500000000005,42.0,47.666666666666664,29.952380952380953,21.483333333333334,29.833333333333332
2021-02-25,15.233333333333334,0.0005825242718446601,0.0,4.889583333333333,44.0,48.42857142857143,31.38095238095238,28.833333333333332,39.31666666666667
2021-02-26,6.45,0.0,0.0,4.189130434782609,33.0,42.333333333333336,21.38095238095238,15.366666666666667,20.933333333333334
2021-02-27,8.166666666666666,0.0302,0.07108433734939759,3.7333333333333334,35.0,43.3,25.4,17.05,23.133333333333336
2021-02-28,5.166666666666667,0.2125242718446602,0.11290322580645161,3.2096153846153848,40.0,43.85,28.8,12.366666666666667,16.7
2021-03-01,12.799999999999999,0.2066666666666667,0.0,2.9622641509433962,39.0,44.4,29.75,40.21666666666667,54.199999999999996
2021-03-02,21.116666666666667,0.031919191919191924,0.007246376811594203,2.4019607843137254,23.0,38.23809523809524,11.80952380952381,36.516666666666666,53.68333333333334
2021-03-03,9.799999999999999,0.0,0.0,2.2,33.0,38.04761904761905,16.6,18.0,24.349999999999998
2021-03-04,13.283333333333333,0.0,0.0,1.9166666666666667,39.0,43.23809523809524,26.333333333333332,27.71666666666667,38.13333333333333
2021-03-05,15.65,0.0,0.0,1.8063829787234045,29.0,36.04761904761905,20.857142857142858,25.833333333333332,37.75
2021-03-06,10.133333333333333,0.0,0.0,1.5916666666666668,29.0,33.95,17.85,19.983333333333334,25.166666666666668
2021-03-07,7.766666666666667,0.0,0.0,1.48125,29.0,35.38095238095238,17.61904761904762,16.066666666666666,20.966666666666665
2021-03-08,5.916666666666667,0.0,0.0,1.4634615384615384,32.0,37.76190476190476,19.0,12.233333333333334,16.333333333333332
2021-03-09,10.049999999999999,0.0,0.0,1.1137254901960785,45.0,49.333333333333336,25.571428571428573,21.45,29.066666666666666
2021-03-10,6.216666666666666,0.0,0.0,0.7823529411764706,43.0,55.38095238095238,26.095238095238095,15.883333333333333,20.660000000000004
2021-03-11,11.549999999999999,0.00027272727272727274,0.0,0.5018518518518519,50.0,61.666666666666664,30.761904761904763,24.016666666666666,32.65
2021-03-12,14.316666666666668,0.0,0.0,0.16153846153846155,59.0,67.42857142857143,41.666666666666664,33.88333333333333,48.916666666666664
2021-03-13,15.4,0.0,0.0,0.09183673469387756,44.0,55.3,29.0,33.333333333333336,45.18333333333334
2021-03-14,15.166666666666666,9.345794392523364e-05,0.0019047619047619048,0.06862745098039216,41.0,46.65,26.0,34.56666666666667,47.36666666666667
2021-03-15,17.0,0.002336448598130841,0.01666666666666667,0.024999999999999998,24.0,37.857142857142854,14.095238095238095,28.76666666666667,39.949999999999996
2021-03-16,6.45,0.0,0.0,0.018867924528301886,26.0,33.57142857142857,13.80952380952381,14.25,18.666666666666668
2021-03-17,7.366666666666666,0.0,0.0,0.019230769230769232,40.0,45.095238095238095,21.428571428571427,15.549999999999999,20.349999999999998
2021-03-18,8.433333333333334,0.06982142857142858,0.0,0.01,43.0,50.285714285714285,30.19047619047619,21.516666666666666,29.53333333333333
2021-03-19,12.516666666666666,0.6154782608695653,0.0,0.0,39.0,45.04761904761905,28.571428571428573,23.95,33.016666666666666
2021-03-20,6.166666666666667,0.0,0.0,0.0,43.0,51.3,23.45,16.21666666666667,21.333333333333332
2021-03-21,4.3500000000000005,0.0,0.0,0.0,48.0,59.523809523809526,26.761904761904763,13.4,16.849999999999998
2021-03-22,5.75,0.0,0.0,0.0,46.0,63.0,28.428571428571427,14.883333333333333,19.150000000000002
2021-03-23,4.816666666666666,0.0,0.0,0.0,48.0,63.57142857142857,30.857142857142858,14.549999999999999,18.333333333333332
2021-03-24,5.216666666666667,8.771929824561404e-05,0.0,0.0,48.0,64.0,34.333333333333336,13.433333333333332,16.55
2021-03-25,5.366666666666667,0.09625,0.0,0.0,51.0,64.7,42.73684210526316,12.35,16.233333333333334
2021-03-26,15.1,0.041008403361344536,0.0,0.0,59.0,67.52380952380952,49.8,32.36666666666667,44.85
2021-03-27,10.733333333333334,0.0014655172413793102,0.0,0.0,53.0,65.05,43.7,23.666666666666668,32.85
2021-03-28,10.383333333333335,0.07034188034188034,0.0,0.0,46.0,58.80952380952381,39.666666666666664,22.03333333333333,30.400000000000002
2021-03-29,17.483333333333334,0.6901612903225807,0.0,0.0,51.0,53.95238095238095,38.57142857142857,37.68333333333333,51.18333333333334
2021-03-30,8.833333333333334,0.00017094017094017094,0.0,0.0,47.0,55.0,28.047619047619047,21.8,28.183333333333334
2021-03-31,12.583333333333334,0.0205982905982906,0.0,0.0,56.0,63.142857142857146,38.04761904761905,26.849999999999998,35.483333333333334
2021-04-01,13.116666666666667,0.8564166666666666,0.0,0.0,51.0,62.1,36.95,25.433333333333334,36.050000000000004
2021-04-02,11.183333333333332,0.05407079646017699,0.0,0.0,35.0,45.75,26.75,19.633333333333333,27.683333333333334
2021-04-03,6.3500000000000005,0.0,0.0,0.0,38.0,45.25,23.35,18.849999999999998,25.8
2021-04-04,9.200000000000001,0.0,0.0,0.0,47.0,54.0,24.571428571428573,23.333333333333332,31.2
2021-04-05,14.716666666666667,0.0,0.0,0.0,52.0,57.95238095238095,36.42857142857143,27.883333333333336,37.81666666666667
2021-04-06,7.166666666666667,0.0,0.0,0.0,52.0,60.285714285714285,39.42857142857143,17.033333333333335,23.616666666666664
2021-04-07,4.983333333333333,0.0,0.0,0.0,52.0,60.65,35.95,15.550000000000002,20.483333333333334
2021-04-08,6.8999999999999995,0.0,0.0,0.0,53.0,60.23809523809524,41.666666666666664,15.549999999999999,20.116666666666664
2021-04-09,5.683333333333334,0.0,0.0,0.0,51.0,64.71428571428571,37.333333333333336,15.883333333333333,19.966666666666665
2021-04-10,7.75,0.00027272727272727274,0.0,0.0,59.0,71.42857142857143,42.142857142857146,17.0,21.5
2021-04-11,10.333333333333334,0.001559633027522936,0.0,0.0,53.0,67.23809523809524,43.333333333333336,20.78333333333333,28.683333333333334
2021-04-12,9.916666666666666,0.007964601769911504,0.0,0.0,47.0,49.095238095238095,39.76190476190476,24.349999999999998,32.21666666666667
2021-04-13,8.316666666666666,0.00853448275862069,0.0,0.0,49.0,55.0,36.42857142857143,20.966666666666665,27.983333333333334
2021-04-14,7.116666666666667,0.0024347826086956524,0.0,0.0,49.0,58.80952380952381,42.095238095238095,15.366666666666667,19.633333333333333
2021-04-15,9.016666666666666,0.014,0.0,0.0,48.0,55.857142857142854,41.19047619047619,17.849999999999998,22.983333333333334
2021-04-16,15.416666666666666,0.9402564102564103,0.134375,0.05925925925925926,42.0,47.61904761904762,36.1,29.03333333333333,41.35
2021-04-17,8.483333333333333,1.066637931034483,0.7156250000000001,0.23793103448275862,42.0,44.714285714285715,35.0,18.516666666666666,26.683333333333334
2021-04-18,6.366666666666667,0.05913793103448276,0.0,0.0,51.0,54.142857142857146,38.23809523809524,19.966666666666665,26.03333333333333
2021-04-19,5.083333333333333,0.002542372881355932,0.0,0.0,54.0,62.38095238095238,38.857142857142854,16.516666666666666,21.833333333333332
2021-04-20,9.233333333333333,0.002711864406779661,0.0,0.0,62.0,70.28571428571429,39.38095238095238,25.5,34.06666666666667
2021-04-21,12.933333333333332,0.018547008547008546,0.0,0.0,59.0,71.71428571428571,39.142857142857146,30.55,39.13333333333333
2021-04-22,17.766666666666666,0.18847457627118647,0.0,0.0,42.0,58.57142857142857,31.142857142857142,31.516666666666666,42.73333333333333
2021-04-23,15.35,0.00044642857142857147,0.0,0.0,47.0,53.5,34.0,29.333333333333332,40.666666666666664
2021-04-24,9.65,0.0,0.0,0.0,61.0,65.65,40.94736842105263,21.8,28.333333333333332
2021-04-25,5.816666666666666,0.021891891891891894,0.0,0.0,55.0,65.0,43.142857142857146,14.216666666666669,18.849999999999998
2021-04-26,14.583333333333334,0.14991452991452991,0.0,0.0,52.0,55.57142857142857,41.095238095238095,27.833333333333332,38.63333333333333
2021-04-27,8.583333333333334,0.0,0.0,0.0,53.0,61.476190476190474,39.61904761904762,18.21666666666667,23.416666666666668
2021-04-28,5.3,0.1875609756097561,0.0,0.0,56.0,66.61904761904762,45.19047619047619,12.833333333333334,16.55
2021-04-29,5.083333333333333,0.11579831932773109,0.0,0.0,49.0,59.095238095238095,46.714285714285715,11.566666666666668,14.916666666666666
2021-04-30,16.416666666666668,1.1806451612903226,0.0,0.0,55.0,58.523809523809526,45.23809523809524,35.71666666666667,49.03333333333333
2021-05-01,12.183333333333332,0.10483333333333333,0.0,0.0,53.0,62.35,41.4,23.45,32.21666666666667
2021-05-02,11.183333333333332,0.014453781512605042,0.0,0.0,62.0,68.95238095238095,44.857142857142854,24.166666666666668,34.550000000000004
2021-05-03,6.566666666666666,0.011260504201680673,0.0,0.0,60.0,72.0952380952381,50.2,15.216666666666669,20.516666666666666
2021-05-04,8.833333333333334,0.552578125,0.0,0.0,50.0,61.80952380952381,46.38095238095238,18.883333333333336,25.3
2021-05-05,5.316666666666666,0.5509016393442623,0.0,0.0,49.0,53.38095238095238,45.904761904761905,11.4,14.700000000000001
2021-05-06,10.1,0.19586776859504132,0.0,0.0,56.0,58.5,46.0,23.46666666666667,32.21666666666667
2021-05-07,7.3500000000000005,0.0013445378151260505,0.0,0.0,54.0,62.38095238095238,40.45,18.0,23.816666666666666
2021-05-08,7.6000000000000005,8.547008547008547e-05,0.0,0.0,50.0,57.666666666666664,39.8,16.366666666666667,21.166666666666668
2021-05-09,9.516666666666667,0.0002631578947368421,0.0,0.0,58.0,61.523809523809526,42.285714285714285,21.0,28.05
2021-05-10,5.616666666666666,0.40632,0.0,0.0,55.0,64.66666666666667,45.76190476190476,12.4,16.216666666666665
2021-05-11,12.700000000000001,0.004871794871794871,0.0,0.0,59.0,63.42857142857143,46.42857142857143,25.46666666666667,36.78333333333333
2021-05-12,8.35,8.474576271186441e-05,0.0,0.0,57.0,65.23809523809524,42.857142857142854,22.166666666666668,30.2
2021-05-13,5.216666666666667,0.0034821428571428573,0.0,0.0,60.0,68.19047619047619,40.42857142857143,15.033333333333333,21.266666666666666
2021-05-14,6.016666666666667,8.771929824561404e-05,0.0,0.0,65.0,73.19047619047619,41.666666666666664,16.066666666666666,22.650000000000002
2021-05-15,6.583333333333333,0.0002631578947368421,0.0,0.0,67.0,75.76190476190476,47.61904761904762,16.183333333333334,22.616666666666664
2021-05-16,6.916666666666667,0.0005263157894736842,0.0,0.0,68.0,77.23809523809524,48.19047619047619,21.349999999999998,29.400000000000002
2021-05-17,4.583333333333333,0.03025423728813559,0.0,0.0,64.0,76.28571428571429,47.25,14.733333333333334,18.333333333333332
2021-05-18,7.383333333333334,0.0011504424778761063,0.0,0.0,71.0,79.71428571428571,48.38095238095238,21.28333333333333,27.616666666666664
2021-05-19,6.566666666666666,8.849557522123894e-05,0.0,0.0,70.0,78.85714285714286,53.666666666666664,15.366666666666667,20.650000000000002
2021-05-20,5.783333333333332,0.0,0.0,0.0,63.0,75.38095238095238,47.333333333333336,14.733333333333334,19.0
2021-05-21,8.049999999999999,0.0,0.0,0.0,67.0,78.3,49.9,15.333333333333334,18.849999999999998
2021-05-22,6.24,0.004144144144144144,0.0,0.0,73.0,83.47368421052632,56.473684210526315,14.4,18.166666666666668
2021-05-23,10.2,0.008288288288288289,0.0,0.0,79.0,86.65,60.05,24.816666666666666,34.03333333333333
2021-05-24,8.940000000000001,0.019736842105263157,0.0,0.0,63.0,78.9,49.65,18.816666666666666,23.53333333333333
2021-05-25,13.420000000000002,0.0,0.0,0.0,64.0,72.3,48.473684210526315,21.083333333333332,28.916666666666668
2021-05-26,11.98,0.020956521739130436,0.0,0.0,74.0,83.45,56.45,22.416666666666668,31.7
2021-05-27,9.76,0.41736434108527126,0.0,0.0,75.0,84.75,61.26315789473684,17.066666666666666,23.650000000000002
2021-05-28,8.059999999999999,0.0662280701754386,0.0,0.0,59.0,71.78947368421052,49.333333333333336,16.55,21.53333333333333
2021-05-29,15.16,1.8404,0.0,0.0,49.0,56.1,43.94736842105263,24.2,33.699999999999996
2021-05-30,13.14,0.2864406779661017,0.0,0.0,51.0,50.55,45.95,21.833333333333332,29.150000000000002
2021-05-31,7.38,0.8138135593220339,0.0,0.0,55.0,55.94736842105263,47.421052631578945,14.583333333333334,18.666666666666668
2021-06-01,7.56,0.025677966101694916,0.0,0.0,65.0,67.6842105263158,46.73684210526316,15.516666666666666,20.3
2021-06-02,6.8999999999999995,0.00025,0.0,0.0,69.0,78.26315789473684,50.78947368421053,16.483333333333334,22.28333333333333
2021-06-03,8.766666666666667,8.474576271186441e-05,0.0,0.0,67.0,78.2,56.85,17.366666666666667,23.666666666666668
2021-06-04,8.183333333333334,0.011666666666666667,0.0,0.0,72.0,77.4,61.15,15.550000000000002,20.833333333333332
2021-06-05,8.799999999999999,0.027372881355932202,0.0,0.0,77.0,83.89473684210526,58.78947368421053,22.133333333333336,28.866666666666664
2021-06-06,8.183333333333334,0.011810344827586208,0.0,0.0,85.0,90.85,63.3,17.883333333333336,24.78333333333333
2021-06-07,9.766666666666667,0.0,0.0,0.0,85.0,93.05263157894737,66.47368421052632,21.3,28.05
2021-06-08,6.783333333333334,0.02353448275862069,0.0,0.0,84.0,93.45,70.15,18.2,25.833333333333332
2021-06-09,6.366666666666667,0.09475409836065574,0.0,0.0,81.0,91.65,69.10526315789474,15.366666666666667,20.633333333333333
2021-06-10,7.3,0.005350877192982456,0.0,0.0,71.0,81.8,56.55,16.25,23.0
2021-06-11,5.116666666666666,0.005652173913043478,0.0,0.0,62.0,72.0,49.3,13.166666666666666,17.516666666666666
2021-06-12,3.6,0.5502439024390244,0.0,0.0,64.0,71.6,54.1578947368421,11.066666666666668,14.883333333333333
2021-06-13,7.95,0.02392857142857143,0.0,0.0,72.0,78.2,54.89473684210526,17.183333333333334,22.116666666666664
2021-06-14,6.1000000000000005,0.05596491228070175,0.0,0.0,66.0,75.85,55.6,15.550000000000002,21.28333333333333
2021-06-15,3.983333333333333,0.7001639344262295,0.0,0.0,67.0,72.38095238095238,59.333333333333336,14.883333333333333,19.033333333333335
2021-06-16,8.666666666666666,0.07843478260869564,0.0,0.0,69.0,75.7,56.2,18.333333333333332,26.5
2021-06-17,5.75,8.474576271186441e-05,0.0,0.0,71.0,76.15,49.8,15.216666666666669,20.816666666666666
2021-06-18,8.049999999999999,0.0,0.0,0.0,74.0,80.0952380952381,50.80952380952381,18.483333333333334,25.683333333333334
2021-06-19,10.583333333333334,0.005128205128205128,0.0,0.0,78.0,85.25,60.75,19.3,25.8
2021-06-20,8.066666666666666,0.034504504504504506,0.0,0.0,79.0,87.1,65.65,16.066666666666666,21.5
2021-06-21,11.25,0.0,0.0,0.0,78.0,86.23809523809524,66.6,23.983333333333334,31.7
2021-06-22,7.666666666666667,0.09637931034482758,0.0,0.0,76.0,84.9047619047619,64.80952380952381,18.633333333333333,25.016666666666666
2021-06-23,7.083333333333333,0.6732786885245902,0.0,0.0,66.0,78.38095238095238,53.7,15.700000000000001,22.46666666666667
2021-06-24,6.45,0.00034782608695652176,0.0,0.0,66.0,73.71428571428571,51.15,18.0,24.333333333333332
2021-06-25,5.666666666666667,0.10279661016949153,0.0,0.0,64.0,74.04761904761905,56.095238095238095,13.066666666666668,16.516666666666666
2021-06-26,12.1,0.023000000000000003,0.0,0.0,74.0,77.80952380952381,61.23809523809524,22.116666666666664,29.833333333333332
2021-06-27,13.633333333333333,0.001388888888888889,0.0,0.0,81.0,84.85,68.95,23.96666666666667,31.55
2021-06-28,10.883333333333333,0.0,0.0,0.0,85.0,90.9,71.7,18.633333333333333,24.78333333333333
2021-06-29,8.216666666666667,0.0,0.0,0.0,89.0,95.05,73.75,17.583333333333332,23.46666666666667
2021-06-30,8.116666666666667,0.07431034482758622,0.0,0.0,88.0,96.1,72.85,30.383333333333336,42.96666666666667
2021-07-01,6.55,0.5573770491803278,0.0,0.0,78.0,88.8,69.35,13.733333333333334,17.849999999999998
2021-07-02,11.683333333333332,1.8189600000000001,0.0,0.0,65.0,75.19047619047619,60.6,21.650000000000002,29.349999999999998
2021-07-03,9.950000000000001,0.38949579831932774,0.0,0.0,59.0,61.526315789473685,55.94736842105263,20.366666666666667,28.166666666666668
2021-07-04,5.666666666666667,1.224017094017094,0.0,0.0,61.0,63.666666666666664,55.0,13.916666666666666,18.833333333333332
2021-07-05,6.08,0.08114035087719298,0.0,0.0,65.0,70.4,55.05,16.483333333333334,21.416666666666668
2021-07-06,10.533333333333333,0.07191304347826087,0.0,0.0,77.0,82.0,61.5,25.150000000000002,35.35
2021-07-07,6.466666666666668,0.18663793103448278,0.0,0.0,80.0,88.80952380952381,67.38095238095238,22.21666666666667,31.016666666666666
2021-07-08,7.466666666666668,0.5283193277310925,0.0,0.0,69.0,80.23809523809524,61.666666666666664,24.816666666666666,35.233333333333334
2021-07-09,8.35,0.5934959349593496,0.0,0.0,67.0,72.19047619047619,61.55,25.883333333333336,34.666666666666664
2021-07-10,5.1000000000000005,2.3483471074380162,0.0,0.0,71.0,73.28571428571429,62.45,13.433333333333332,16.883333333333333
2021-07-11,4.25,0.015412844036697248,0.0,0.0,71.0,76.57142857142857,57.4,13.4,17.366666666666667
2021-07-12,6.566666666666666,0.5454782608695652,0.0,0.0,69.0,75.47619047619048,62.23809523809524,16.066666666666666,21.166666666666668
2021-07-13,5.783333333333334,0.7414782608695651,0.0,0.0,67.0,69.33333333333333,62.23809523809524,13.066666666666668,17.033333333333335
2021-07-14,3.6666666666666665,0.0446218487394958,0.0,0.0,69.0,74.85714285714286,64.1,10.383333333333333,13.4
2021-07-15,4.416666666666667,0.007410714285714285,0.0,0.0,74.0,83.71428571428571,66.85,12.066666666666668,16.7
2021-07-16,8.266666666666667,0.004090909090909091,0.0,0.0,81.0,89.9047619047619,70.61904761904762,19.666666666666668,27.333333333333332
2021-07-17,6.083333333333333,0.10419642857142856,0.0,0.0,76.0,85.95,67.9,14.033333333333333,18.366666666666667
2021-07-18,7.0,0.6205405405405405,0.0,0.0,71.0,77.85,65.9,14.366666666666667,18.366666666666667
2021-07-19,4.483333333333333,0.19243243243243244,0.0,0.0,69.0,73.85714285714286,64.9047619047619,10.566666666666666,13.033333333333333
2021-07-20,5.333333333333333,0.05298245614035088,0.0,0.0,77.0,79.0952380952381,63.19047619047619,16.849999999999998,23.516666666666666
2021-07-21,6.633333333333333,0.08663793103448277,0.0,0.0,78.0,83.28571428571429,63.904761904761905,16.0,24.150000000000002
2021-07-22,5.483333333333333,0.038108108108108114,0.0,0.0,72.0,80.9047619047619,60.095238095238095,13.883333333333333,17.816666666666666
2021-07-23,4.833333333333333,0.04521739130434783,0.0,0.0,73.0,80.19047619047619,61.04761904761905,13.733333333333334,18.366666666666667
2021-07-24,5.566666666666666,0.06163636363636364,0.0,0.0,72.0,79.71428571428571,56.666666666666664,11.866666666666667,17.183333333333334
2021-07-25,8.916666666666666,0.035565217391304346,0.0,0.0,72.0,77.0,61.95238095238095,21.033333333333335,29.883333333333336
2021-07-26,5.866666666666667,0.08876106194690266,0.0,0.0,80.0,82.14285714285714,65.28571428571429,15.700000000000001,20.816666666666666
2021-07-27,5.483333333333333,0.044272727272727276,0.0,0.0,80.0,88.04761904761905,63.476190476190474,29.95,43.5
2021-07-28,5.283333333333334,0.48775862068965514,0.0,0.0,70.0,81.33333333333333,62.095238095238095,13.25,17.066666666666666
2021-07-29,9.966666666666667,0.042105263157894736,0.0,0.20512820512820512,72.0,77.23809523809524,59.142857142857146,23.516666666666666,32.333333333333336
2021-07-30,9.783333333333333,0.3871311475409836,0.0,0.0,74.0,79.23809523809524,61.04761904761905,23.150000000000002,30.21666666666667
2021-07-31,7.516666666666667,0.01929824561403509,0.0,0.0,69.0,77.61904761904762,53.857142857142854,16.849999999999998,22.166666666666668
2021-08-01,5.8,8.771929824561404e-05,0.0,0.0,71.0,76.95,53.85,14.549999999999999,19.183333333333334
2021-08-02,6.95,0.003660714285714286,0.0,0.0,74.0,78.52380952380952,58.04761904761905,17.7,24.983333333333334
2021-08-03,3.6999999999999997,0.0011711711711711711,0.0,0.0,73.0,77.71428571428571,55.857142857142854,11.033333333333333,14.366666666666667
2021-08-04,5.183333333333334,0.038141592920353976,0.0,0.0,72.0,76.66666666666667,58.857142857142854,13.883333333333333,17.366666666666667
2021-08-05,6.666666666666667,0.9621186440677966,0.0,0.0,67.0,72.9,61.85,15.333333333333334,20.683333333333334
2021-08-06,5.716666666666666,0.7009734513274336,0.0,0.0,75.0,78.33333333333333,62.0,13.066666666666668,16.666666666666668
2021-08-07,7.3500000000000005,0.0008256880733944953,0.0,0.0,80.0,87.65,64.3,15.333333333333334,20.633333333333333
2021-08-08,4.933333333333334,9.259259259259259e-05,0.0,0.0,78.0,85.33333333333333,67.66666666666667,11.383333333333333,14.25
2021-08-09,8.016666666666666,0.03571428571428571,0.0,0.0,72.0,78.9047619047619,66.71428571428571,13.883333333333333,18.183333333333334
2021-08-10,4.8,0.4363934426229508,0.0,0.0,70.0,76.9047619047619,64.9047619047619,11.566666666666668,15.066666666666668
2021-08-11,9.266666666666667,0.006036036036036036,0.0,0.0,81.0,84.23809523809524,67.85714285714286,17.333333333333332,23.650000000000002
2021-08-12,8.183333333333334,0.0034234234234234236,0.0,0.0,84.0,91.38095238095238,72.57142857142857,20.166666666666668,27.8
2021-08-13,5.083333333333333,0.015000000000000001,0.0,0.0,83.0,92.5,71.9,13.066666666666668,16.883333333333336
2021-08-14,7.283333333333334,9.090909090909092e-05,0.0,0.0,85.0,90.85,71.7,16.7,23.183333333333334
2021-08-15,5.5,0.001981132075471698,0.0,0.0,77.0,85.0,62.85,12.883333333333333,17.183333333333334
2021-08-16,4.133333333333334,0.0,0.0,0.0,72.0,80.38095238095238,57.857142857142854,11.1,14.85
2021-08-17,6.566666666666666,0.0,0.0,0.0,75.0,81.19047619047619,59.23809523809524,14.366666666666667,18.7
2021-08-18,7.683333333333334,0.00018018018018018018,0.0,0.0,78.0,84.28571428571429,65.47619047619048,13.883333333333333,18.0
2021-08-19,7.766666666666667,0.218,0.0,0.0,77.0,84.80952380952381,69.42857142857143,22.8,32.03333333333333
2021-08-20,4.016666666666667,1.5237719298245616,0.0,0.0,77.0,81.19047619047619,70.14285714285714,12.200000000000001,15.033333333333333
2021-08-21,5.45,0.01891089108910891,0.0,0.0,77.0,83.04761904761905,69.38095238095238,13.033333333333333,16.849999999999998
2021-08-22,14.116666666666667,0.18556521739130435,0.0,0.0,72.0,80.71428571428571,68.19047619047619,26.8,37.31666666666667
2021-08-23,7.933333333333334,0.6968103448275862,0.0,0.0,73.0,78.28571428571429,68.95238095238095,15.516666666666666,21.166666666666668
2021-08-24,6.316666666666666,0.9972268907563026,0.0,0.0,77.0,84.0,68.38095238095238,13.666666666666666,17.516666666666666
2021-08-25,3.6166666666666667,0.017,0.0,0.0,84.0,88.61904761904762,68.61904761904762,10.366666666666667,14.033333333333333
2021-08-26,5.033333333333334,8.849557522123894e-05,0.0,0.0,85.0,91.9047619047619,68.85714285714286,11.233333333333334,15.883333333333333
2021-08-27,5.833333333333333,0.00018181818181818183,0.0,0.0,83.0,91.52380952380952,70.38095238095238,18.866666666666667,27.28333333333333
2021-08-28,8.700000000000001,0.026956521739130435,0.0,0.0,72.0,81.15,63.35,19.05,25.133333333333336
2021-08-29,4.416666666666667,0.0774561403508772,0.0,0.0,68.0,71.66666666666667,60.714285714285715,10.366666666666667,13.366666666666667
2021-08-30,9.783333333333333,0.007610619469026548,0.0,0.0,77.0,79.6842105263158,64.94736842105263,17.849999999999998,23.633333333333336
2021-08-31,7.033333333333334,0.04780701754385965,0.0,0.0,79.0,83.14285714285714,65.42857142857143,16.516666666666666,23.133333333333336
2021-09-01,5.816666666666666,0.10862068965517241,0.0,0.0,72.0,76.28571428571429,60.80952380952381,18.516666666666666,24.95
2021-09-02,11.333333333333334,3.9000806451612906,0.0,0.0,66.0,72.25,56.9,25.483333333333334,34.9
2021-09-03,7.6499999999999995,0.01769230769230769,0.0,0.0,67.0,73.61904761904762,53.42857142857143,15.550000000000002,20.966666666666665
2021-09-04,6.466666666666666,0.0,0.0,0.0,71.0,75.45,54.55,15.4,20.150000000000002
2021-09-05,6.3,0.0029906542056074765,0.0,0.0,70.0,74.66666666666667,56.333333333333336,15.033333333333333,19.866666666666667
2021-09-06,7.866666666666667,0.031363636363636364,0.0,0.0,75.0,77.47619047619048,59.95238095238095,17.55,23.95
2021-09-07,6.75,9.090909090909092e-05,0.0,0.0,74.0,80.14285714285714,56.1,15.4,20.78333333333333
2021-09-08,11.299999999999999,9.090909090909092e-05,0.0,0.0,74.0,81.28571428571429,57.61904761904762,23.8,32.21666666666667
2021-09-09,5.916666666666667,0.2178813559322034,0.0,0.0,74.0,78.45,64.55,15.883333333333333,20.900000000000002
2021-09-10,8.549999999999999,0.8166666666666667,0.0,0.0,71.0,74.52380952380952,60.666666666666664,19.849999999999998,26.516666666666666
2021-09-11,8.15,0.006228070175438596,0.0,0.0,69.0,76.45,50.8,16.733333333333334,23.616666666666664
2021-09-12,11.283333333333333,8.771929824561404e-05,0.0,0.0,73.0,78.80952380952381,56.42857142857143,21.75,28.76666666666667
2021-09-13,6.366666666666667,0.2188235294117647,0.0,0.0,76.0,79.80952380952381,62.0,15.883333333333335,21.016666666666666
2021-09-14,5.8,0.025739130434782608,0.0,0.0,69.0,76.80952380952381,55.61904761904762,13.883333333333333,17.883333333333333
2021-09-15,9.533333333333333,0.0005357142857142857,0.0,0.0,75.0,79.61904761904762,61.142857142857146,21.75,29.7
2021-09-16,6.366666666666667,0.333,0.0,0.0,71.0,78.9047619047619,64.42857142857143,14.583333333333334,20.380000000000003
2021-09-17,6.483333333333333,0.038571428571428576,0.0,0.0,67.0,69.71428571428571,61.476190476190474,13.216666666666667,17.666666666666668
2021-09-18,3.9166666666666665,0.02375,0.0,0.0,68.0,72.0952380952381,62.57142857142857,12.716666666666667,16.383333333333333
2021-09-19,5.966666666666666,0.3710169491525424,0.0,0.0,69.0,74.57142857142857,58.04761904761905,15.216666666666667,20.816666666666666
2021-09-20,4.166666666666667,0.0011818181818181819,0.0,0.0,65.0,72.95238095238095,50.0,13.533333333333333,16.733333333333334
2021-09-21,4.783333333333333,0.00018181818181818183,0.0,0.0,65.0,74.33333333333333,49.095238095238095,12.533333333333333,15.4
2021-09-22,7.8999999999999995,0.0022727272727272726,0.0,0.0,72.0,76.23809523809524,58.714285714285715,18.966666666666665,24.666666666666668
2021-09-23,9.433333333333334,0.022072072072072072,0.0,0.0,73.0,78.23809523809524,64.57142857142857,19.533333333333335,27.7
2021-09-24,10.016666666666667,0.06794642857142857,0.0,0.0,74.0,78.28571428571429,65.71428571428571,19.900000000000002,29.2
2021-09-25,3.8166666666666664,0.144,0.0,0.0,70.0,76.14285714285714,58.61904761904762,9.783333333333333,12.733333333333334
2021-09-26,8.116666666666667,0.507927927927928,0.0,0.0,69.0,75.0,57.285714285714285,19.150000000000002,26.883333333333336
2021-09-27,8.666666666666666,0.009158878504672898,0.0,0.0,67.0,73.95,50.15,18.333333333333332,24.333333333333332
2021-09-28,5.8,0.05108108108108108,0.0,0.0,69.0,70.9047619047619,54.285714285714285,14.366666666666667,18.349999999999998
2021-09-29,6.466666666666666,0.5021186440677966,0.0,0.0,60.0,66.76190476190476,47.80952380952381,15.033333333333333,20.133333333333333
2021-09-30,7.116666666666667,0.01891891891891892,0.0,0.0,59.0,63.714285714285715,47.76190476190476,15.183333333333332,19.816666666666666
2021-10-01,5.8999999999999995,0.0025,0.0,0.0,59.0,63.666666666666664,42.857142857142854,15.883333333333335,20.933333333333334
2021-10-02,6.699999999999999,0.0,0.0,0.0,63.0,69.47619047619048,44.285714285714285,15.733333333333334,21.599999999999998
2021-10-03,4.8500000000000005,0.02522935779816514,0.0,0.0,64.0,69.52380952380952,49.476190476190474,11.0,14.183333333333332
2021-10-04,9.916666666666666,0.915128205128205,0.0,0.0,61.0,63.523809523809526,52.904761904761905,17.183333333333334,21.666666666666668
2021-10-05,5.45,1.1880672268907562,0.0,0.0,58.0,60.04761904761905,51.142857142857146,11.9,15.700000000000001
2021-10-06,2.3833333333333333,0.018849557522123892,0.0,0.0,62.0,65.14285714285714,48.76190476190476,8.5,10.85
2021-10-07,2.6999999999999997,0.00044247787610619474,0.0,0.0,64.0,72.28571428571429,48.76190476190476,9.516666666666667,13.033333333333333
2021-10-08,7.116666666666667,0.0005504587155963303,0.0,0.0,65.0,72.33333333333333,49.476190476190474,16.066666666666666,20.633333333333333
2021-10-09,8.433333333333334,0.009074074074074075,0.0,0.0,63.0,68.45,53.0,16.0,20.78333333333333
2021-10-10,6.716666666666666,0.00027272727272727274,0.0,0.0,63.0,64.66666666666667,52.19047619047619,13.200000000000001,16.7
2021-10-11,5.916666666666667,0.004036697247706422,0.0,0.0,64.0,67.04761904761905,54.714285714285715,12.1,15.483333333333334
2021-10-12,2.733333333333333,0.0015454545454545456,0.0,0.0,65.0,72.0,52.7,9.85,13.033333333333333
2021-10-13,5.116666666666667,9.009009009009009e-05,0.0,0.0,68.0,75.33333333333333,52.19047619047619,13.4,17.183333333333334
2021-10-14,4.45,0.00045454545454545455,0.0,0.0,67.0,75.14285714285714,52.857142857142854,13.549999999999999,18.060000000000002
2021-10-15,5.45,0.00018691588785046728,0.0,0.0,65.0,73.95238095238095,55.095238095238095,13.35,16.516666666666666
2021-10-16,12.75,0.01621359223300971,0.0,0.0,69.0,73.75,59.8,24.666666666666668,33.18333333333333
2021-10-17,9.333333333333334,0.42470085470085467,0.0,0.0,62.0,70.8,51.35,20.75,27.183333333333334
2021-10-18,10.816666666666668,0.0009174311926605505,0.0,0.0,55.0,62.904761904761905,46.23809523809524,20.966666666666665,27.183333333333334
2021-10-19,10.016666666666667,0.0,0.0,0.0,53.0,61.42857142857143,41.38095238095238,22.416666666666668,30.900000000000002
2021-10-20,7.116666666666667,0.00045871559633027525,0.0,0.0,60.0,67.2,44.65,14.583333333333334,20.333333333333332
2021-10-21,7.716666666666666,0.00044642857142857147,0.0,0.0,66.0,73.28571428571429,50.0,17.21666666666667,22.833333333333332
2021-10-22,8.950000000000001,0.0017391304347826088,0.0,0.0,65.0,73.19047619047619,53.0,17.55,23.633333333333336
2021-10-23,7.1499999999999995,0.0008928571428571429,0.0,0.0,55.0,65.15,46.55,14.066666666666668,19.150000000000002
2021-10-24,5.983333333333333,0.0002654867256637168,0.0,0.0,50.0,59.38095238095238,37.142857142857146,16.21666666666667,22.016666666666666
2021-10-25,9.549999999999999,0.3876612903225806,0.0,0.0,53.0,56.714285714285715,42.38095238095238,18.183333333333334,25.366666666666664
2021-10-26,17.266666666666666,1.0884800000000001,0.0,0.0,57.0,58.95238095238095,49.857142857142854,30.883333333333336,44.26666666666667
2021-10-27,18.46666666666667,1.254390243902439,0.0,0.0,51.0,57.15,47.65,35.016666666666666,52.21666666666667
2021-10-28,7.416666666666667,0.20698275862068966,0.0,0.0,48.0,50.95,41.8,15.4,21.95
2021-10-29,7.383333333333334,0.0031775700934579443,0.0,0.0,46.0,50.904761904761905,36.285714285714285,16.066666666666666,20.7
2021-10-30,11.183333333333332,0.17412280701754387,0.0,0.0,54.0,56.6,44.85,20.400000000000002,26.866666666666664
2021-10-31,10.299999999999999,1.5499999999999998,0.0,0.0,59.0,62.714285714285715,52.19047619047619,21.53333333333333,28.866666666666664
2021-11-01,10.3,0.018608695652173914,0.0,0.0,56.0,63.23809523809524,45.142857142857146,22.583333333333332,30.7
2021-11-02,6.366666666666667,0.00035714285714285714,0.0,0.0,51.0,58.80952380952381,37.666666666666664,16.55,22.366666666666664
2021-11-03,6.366666666666667,0.0012499999999999998,0.0,0.0,48.0,55.23809523809524,33.142857142857146,16.433333333333334,22.46666666666667
2021-11-04,3.516666666666667,0.0,0.0,0.0,43.0,51.285714285714285,29.333333333333332,10.049999999999999,12.200000000000001
2021-11-05,5.15,0.0,0.0,0.0,44.0,50.38095238095238,29.75,15.366666666666667,21.166666666666668
2021-11-06,3.3833333333333333,0.0,0.0,0.0,43.0,51.36842105263158,27.105263157894736,10.333333333333334,14.733333333333334
2021-11-07,2.35,0.0,0.0,0.0,44.0,54.523809523809526,26.904761904761905,8.533333333333333,10.65
2021-11-08,4.166666666666667,0.00018181818181818183,0.0,0.0,48.0,58.95238095238095,30.428571428571427,13.066666666666668,15.883333333333333
2021-11-09,3.9,0.0,0.0,0.0,54.0,65.57142857142857,32.666666666666664,11.383333333333333,15.183333333333332
2021-11-10,6.166666666666667,9.090909090909092e-05,0.0,0.0,56.0,64.95238095238095,38.80952380952381,20.650000000000002,28.383333333333336
2021-11-11,5.383333333333333,8.849557522123894e-05,0.0,0.0,49.0,58.80952380952381,31.571428571428573,13.833333333333334,18.816666666666666
2021-11-12,13.266666666666666,0.13771929824561402,0.0,0.0,55.0,59.857142857142854,38.714285714285715,33.36666666666667,49.050000000000004
2021-11-13,8.049999999999999,1.0922881355932201,0.0,0.0,52.0,60.7,36.2,28.166666666666668,39.88333333333333
2021-11-14,7.816666666666666,0.2239655172413793,0.0,0.0,44.0,55.10526315789474,32.8421052631579,17.4,23.666666666666668
2021-11-15,9.583333333333334,0.08614035087719299,0.0,0.0,45.0,50.38095238095238,35.666666666666664,21.166666666666668,30.2
2021-11-16,11.15,0.0008035714285714286,0.0,0.0,42.0,48.42857142857143,32.38095238095238,23.133333333333336,33.06666666666667
2021-11-17,5.6000000000000005,0.0,0.0,0.0,41.0,48.38095238095238,26.238095238095237,16.05,20.349999999999998
2021-11-18,11.049999999999999,0.0009009009009009009,0.0,0.0,57.0,62.42857142857143,37.23809523809524,22.816666666666666,31.516666666666666
2021-11-19,11.233333333333334,0.2505084745762712,0.0,0.0,49.0,61.9,36.6,24.150000000000002,35.53333333333333
2021-11-20,5.6499999999999995,0.0007964601769911504,0.0,0.0,39.0,46.15,26.65,12.816666666666668,16.849999999999998
2021-11-21,6.333333333333333,0.0013513513513513516,0.0,0.0,44.0,49.65,31.45,14.883333333333333,19.71666666666667
2021-11-22,10.299999999999999,0.24858407079646017,0.0,0.0,53.0,55.55,37.9,21.349999999999998,28.633333333333336
2021-11-23,12.0,0.04572727272727273,0.0,0.0,37.0,47.095238095238095,28.0,22.5,32.03333333333333
2021-11-24,11.233333333333334,0.0,0.0,0.0,33.0,40.857142857142854,25.333333333333332,20.816666666666666,29.016666666666666
2021-11-25,5.716666666666666,9.345794392523364e-05,0.0,0.0,42.0,48.19047619047619,26.38095238095238,11.716666666666667,15.033333333333333
2021-11-26,9.200000000000001,0.027735849056603774,0.012857142857142857,0.0,45.0,49.61904761904762,32.23809523809524,21.683333333333334,29.349999999999998
2021-11-27,14.566666666666668,0.10761467889908258,0.050746268656716415,0.049019607843137254,35.0,41.523809523809526,29.857142857142858,25.650000000000002,36.833333333333336
2021-11-28,5.383333333333333,9.174311926605505e-05,0.0,0.0,33.0,37.857142857142854,25.0,14.25,19.05
2021-11-29,8.233333333333333,0.00026785714285714287,0.0,0.0,36.0,39.142857142857146,27.238095238095237,17.516666666666666,23.96666666666667
2021-11-30,8.200000000000001,0.0,0.0,0.0,32.0,40.523809523809526,22.571428571428573,16.883333333333336,23.0
2021-12-01,7.0,0.0,0.0,0.0,39.0,43.42857142857143,25.571428571428573,18.633333333333333,25.96666666666667
2021-12-02,9.65,0.019464285714285715,0.0,0.0,46.0,52.57142857142857,29.80952380952381,31.483333333333334,42.483333333333334
2021-12-03,13.299999999999999,0.04890909090909091,0.0,0.0,44.0,52.285714285714285,31.857142857142858,27.55,37.5
2021-12-04,6.483333333333333,9.345794392523364e-05,0.0,0.0,35.0,41.76190476190476,23.142857142857142,15.4,19.016666666666666
2021-12-05,6.016666666666667,0.0,0.0,0.0,41.0,43.76190476190476,27.714285714285715,14.883333333333335,19.166666666666668
2021-12-06,14.600000000000001,0.06864864864864866,0.0,0.0,49.0,54.666666666666664,32.5,33.03333333333333,46.5
2021-12-07,9.95,0.20387387387387387,0.0,0.0,44.0,55.38095238095238,32.0,29.266666666666666,41.983333333333334
2021-12-08,7.133333333333333,0.0017592592592592592,0.009,0.0,35.0,39.57142857142857,26.952380952380953,16.883333333333336,23.516666666666666
2021-12-09,6.983333333333333,0.04819047619047619,0.4804597701149425,0.46190476190476193,31.0,36.666666666666664,21.142857142857142,18.55,24.916666666666668
2021-12-10,3.35,0.00018691588785046728,0.0,0.08235294117647059,35.0,39.95238095238095,23.666666666666668,9.450000000000001,11.799999999999999
2021-12-11,10.583333333333334,0.08528846153846155,0.0,0.0,43.0,52.476190476190474,30.476190476190474,32.03333333333333,44.833333333333336
2021-12-12,14.566666666666668,0.4725471698113208,0.0,0.0,50.0,62.42857142857143,35.38095238095238,33.666666666666664,44.61666666666667
2021-12-13,11.416666666666666,0.0006603773584905661,0.0,0.0,43.0,50.666666666666664,34.04761904761905,18.333333333333332,25.96666666666667
2021-12-14,8.316666666666666,9.433962264150943e-05,0.0,0.0,46.0,51.61904761904762,33.19047619047619,18.21666666666667,24.8
2021-12-15,5.566666666666666,0.0037142857142857142,0.0,0.0,38.0,47.57142857142857,25.047619047619047,14.75,18.833333333333332
2021-12-16,11.133333333333335,0.2337719298245614,0.0,0.0,52.0,55.19047619047619,34.61904761904762,19.5,25.0
2021-12-17,13.766666666666666,0.008738738738738738,0.0,0.0,55.0,59.04761904761905,45.0,29.21666666666667,42.63333333333333
2021-12-18,5.316666666666666,0.04153153153153154,0.014285714285714285,0.03404255319148936,41.0,50.476190476190474,34.333333333333336,13.016666666666666,17.05
2021-12-19,11.333333333333334,0.7710091743119266,0.11857142857142858,0.0660377358490566,36.0,41.80952380952381,27.285714285714285,21.3,30.066666666666666
2021-12-20,6.466666666666666,0.003761467889908257,0.0,0.058695652173913045,26.0,33.857142857142854,16.761904761904763,14.016666666666666,19.383333333333333
2021-12-21,6.516666666666667,0.0,0.0,0.014893617021276595,35.0,39.0,22.476190476190474,16.183333333333334,21.25
2021-12-22,8.833333333333334,0.028333333333333335,0.0,0.00851063829787234,39.0,42.904761904761905,27.095238095238095,23.166666666666668,33.0
2021-12-23,11.15,0.11545454545454545,0.0,0.0,31.0,37.95238095238095,24.095238095238095,22.150000000000002,30.100000000000005
2021-12-24,2.766666666666667,0.008269230769230768,0.038636363636363635,0.035416666666666666,26.0,30.19047619047619,20.80952380952381,8.983333333333333,12.200000000000001
2021-12-25,4.8500000000000005,0.0484,0.07424242424242425,0.05714285714285714,31.0,31.952380952380953,23.904761904761905,11.716666666666667,15.216666666666669
2021-12-26,10.299999999999999,0.5228282828282828,0.26721311475409837,0.2830188679245283,36.0,37.0,30.05,21.96666666666667,30.983333333333334
2021-12-27,6.183333333333334,0.0028571428571428576,0.0,0.09,33.0,36.333333333333336,27.761904761904763,19.033333333333335,25.78333333333333
2021-12-28,5.383333333333333,0.0359,0.03134328358208956,0.07058823529411765,37.0,40.476190476190474,29.476190476190474,18.666666666666668,25.483333333333334
2021-12-29,2.1,0.03298076923076923,0.01666666666666667,0.030612244897959183,40.0,43.285714285714285,32.523809523809526,7.666666666666667,9.883333333333333
2021-12-30,2.316666666666667,0.007019230769230769,0.0,0.0,40.0,41.76190476190476,34.714285714285715,8.016666666666667,9.516666666666667
2021-12-31,2.3000000000000003,0.04423076923076923,0.0,0.0,42.0,43.42857142857143,37.523809523809526,7.966666666666666,9.983333333333333
2022-01-01,3.1833333333333336,0.024215686274509807,0.0,0.0,46.0,48.38095238095238,40.904761904761905,8.833333333333334,12.033333333333333
2022-01-02,7.1499999999999995,0.28233009708737866,0.0,0.0,45.0,48.80952380952381,37.95238095238095,19.866666666666667,26.46666666666667
2022-01-03,10.666666666666666,0.026666666666666665,0.0,0.0,29.0,40.142857142857146,23.19047619047619,17.666666666666668,25.0
2022-01-04,7.183333333333334,9.174311926605505e-05,0.0,0.0,23.0,29.0,14.6,14.733333333333334,19.05
2022-01-05,8.35,0.01849056603773585,0.0,0.0,37.0,41.57142857142857,18.7,22.683333333333334,31.983333333333334
2022-01-06,7.733333333333333,0.2012962962962963,0.0,0.0,40.0,45.80952380952381,27.904761904761905,21.45,28.883333333333336
2022-01-07,10.633333333333335,0.3373737373737374,5.687912087912088,5.444285714285715,31.0,35.285714285714285,25.095238095238095,21.133333333333333,29.166666666666668
2022-01-08,8.433333333333334,0.19142857142857145,2.712941176470588,6.725352112676056,24.0,29.047619047619047,12.714285714285714,19.666666666666668,27.46666666666667
2022-01-09,13.366666666666667,0.008018867924528304,0.0,5.119230769230769,31.0,35.76190476190476,11.476190476190476,27.46666666666667,38.03333333333333
2022-01-10,12.983333333333334,0.023177570093457944,0.0,1.7226415094339622,33.0,41.04761904761905,22.047619047619047,25.183333333333334,35.53333333333333
2022-01-11,9.666666666666666,0.00794392523364486,0.17471264367816092,1.5528301886792453,16.0,25.142857142857142,6.476190476190476,22.666666666666668,29.55
2022-01-12,9.950000000000001,0.0,0.0,1.4607843137254901,22.0,29.714285714285715,4.095238095238095,26.03333333333333,35.666666666666664
2022-01-13,3.283333333333333,0.0,0.0,1.1568627450980393,36.0,42.714285714285715,19.7,11.733333333333334,15.166666666666666
2022-01-14,12.383333333333333,0.00018867924528301886,0.0,0.873469387755102,37.0,43.04761904761905,22.05,25.78333333333333,35.53333333333333
2022-01-15,14.583333333333334,0.0008256880733944955,0.0,0.672,13.0,31.857142857142858,2.35,24.983333333333334,34.03333333333333
2022-01-16,5.45,0.0,0.0,0.636734693877551,13.0,22.9,0.9,15.183333333333332,20.233333333333334
2022-01-17,18.483333333333334,0.8338679245283019,0.7734375,1.0791666666666666,39.0,44.23809523809524,15.5,36.5,51.949999999999996
2022-01-18,16.433333333333334,0.31,0.022388059701492536,0.3254901960784314,31.0,41.714285714285715,22.666666666666668,28.349999999999998,40.800000000000004
2022-01-19,11.533333333333333,0.00018691588785046728,0.0,0.18333333333333335,30.0,37.3,15.7,28.666666666666668,39.85
2022-01-20,8.950000000000001,0.07262135922330097,0.00967741935483871,0.192,37.0,42.04761904761905,20.0,20.333333333333332,28.2
2022-01-21,8.316666666666666,0.038431372549019606,0.007317073170731707,0.25384615384615383,18.0,29.85,7.4,18.183333333333334,23.666666666666668
2022-01-22,6.266666666666667,0.0066346153846153855,0.16363636363636364,0.3,18.0,24.85,9.0,13.583333333333334,18.033333333333335
2022-01-23,7.05,0.0021904761904761906,0.04157303370786517,0.33399999999999996,25.0,30.238095238095237,10.380952380952381,16.033333333333335,21.266666666666666
2022-01-24,4.8,0.0038461538461538464,0.05584415584415584,0.3,28.0,32.714285714285715,16.761904761904763,12.916666666666666,16.849999999999998
2022-01-25,7.1000000000000005,0.05048076923076923,0.6090909090909091,0.8403508771929824,33.0,36.42857142857143,21.80952380952381,15.066666666666668,20.5
2022-01-26,8.983333333333333,0.00046728971962616824,0.0,0.27399999999999997,25.0,33.19047619047619,13.952380952380953,17.183333333333334,24.28333333333333
2022-01-27,6.183333333333334,0.0,0.0,0.2326923076923077,17.0,25.80952380952381,3.142857142857143,15.85,20.150000000000002
2022-01-28,5.416666666666667,0.0005714285714285715,0.00693069306930693,0.07200000000000001,29.0,31.952380952380953,13.047619047619047,14.25,19.0
2022-01-29,19.233333333333334,0.3421739130434783,4.786746987951807,4.398305084745763,23.0,31.61904761904762,15.05,30.016666666666666,48.51666666666667
2022-01-30,11.933333333333335,0.759,12.428749999999999,15.994202898550723,15.0,21.761904761904763,5.761904761904762,23.333333333333332,32.36666666666667
2022-01-31,3.1,0.0,0.0,13.940384615384614,21.0,26.904761904761905,-3.0952380952380953,9.983333333333333,14.033333333333333
2022-02-01,5.066666666666666,0.0,0.002,12.467391304347826,26.0,31.714285714285715,1.2857142857142858,12.200000000000001,15.033333333333333
2022-02-02,3.066666666666667,0.0008411214953271028,0.004347826086956522,10.652941176470588,35.0,38.904761904761905,17.2,11.049999999999999,15.549999999999999
2022-02-03,6.533333333333334,0.025333333333333336,0.0,7.10625,40.0,45.61904761904762,31.761904761904763,13.583333333333334,17.900000000000002
2022-02-04,10.683333333333332,1.0928301886792453,0.15967741935483873,3.557446808510638,34.0,46.57142857142857,27.5,21.5,28.183333333333334
2022-02-05,11.366666666666667,0.7443877551020408,1.0611111111111111,4.260869565217392,22.0,30.095238095238095,16.952380952380953,22.849999999999998,31.21666666666667
2022-02-06,5.266666666666667,9.80392156862745e-05,0.0,3.655813953488372,18.0,27.285714285714285,7.333333333333333,14.216666666666667,18.333333333333332
2022-02-07,3.9166666666666665,0.04038834951456311,0.0031578947368421056,3.4465116279069763,29.0,34.714285714285715,11.9,11.666666666666666,15.566666666666668
2022-02-08,8.916666666666666,0.7382828282828283,0.006666666666666667,2.6952380952380954,39.0,41.23809523809524,28.25,18.516666666666666,26.349999999999998
2022-02-09,8.200000000000001,0.0132,0.0,2.317073170731707,36.0,42.57142857142857,26.80952380952381,17.55,24.45
2022-02-10,8.65,0.0001,0.0,1.9375,39.0,47.714285714285715,26.19047619047619,23.0,31.166666666666668
2022-02-11,9.0,0.0009,0.0,1.56,42.0,52.04761904761905,26.476190476190474,20.333333333333332,26.983333333333334
2022-02-12,12.033333333333333,0.0,0.0,1.0863636363636362,49.0,56.5,33.75,25.633333333333336,36.68333333333333
2022-02-13,6.866666666666667,0.060515463917525776,1.093827160493827,1.7244897959183674,34.0,50.333333333333336,26.571428571428573,14.883333333333333,19.033333333333335
2022-02-14,11.166666666666666,0.26645833333333335,4.910714285714286,6.281481481481482,22.0,27.238095238095237,12.619047619047619,25.116666666666664,33.550000000000004
2022-02-15,8.033333333333333,0.0015533980582524273,0.05909090909090909,4.970731707317073,17.0,24.857142857142858,2.2857142857142856,19.633333333333333,26.7
2022-02-16,11.333333333333334,0.0,0.0,3.938636363636364,28.0,35.904761904761905,5.095238095238095,25.78333333333333,36.083333333333336
2022-02-17,17.483333333333334,0.0029245283018867925,0.0,1.186046511627907,51.0,55.285714285714285,25.61904761904762,29.516666666666666,40.96666666666667
2022-02-18,18.983333333333334,0.4212844036697248,0.0,0.07346938775510205,51.0,60.42857142857143,36.095238095238095,35.38333333333333,48.18333333333334
2022-02-19,12.549999999999999,0.05722772277227723,0.011428571428571429,0.182,29.0,47.65,16.7,28.133333333333336,41.13333333333333
2022-02-20,13.416666666666666,0.009615384615384616,0.10519480519480519,0.07115384615384615,24.0,35.333333333333336,13.904761904761905,25.0,34.71666666666667
2022-02-21,8.65,0.0,0.0,0.0,38.0,45.142857142857146,22.19047619047619,21.45,28.666666666666668
2022-02-22,8.066666666666666,0.051792452830188684,0.0,0.0,39.0,54.76190476190476,26.857142857142858,32.18333333333333,45.333333333333336
2022-02-23,15.683333333333332,0.5259259259259259,0.0,0.0,57.0,63.19047619047619,32.333333333333336,31.733333333333334,43.166666666666664
2022-02-24,7.3,0.0003883495145631068,0.0,0.0,29.0,51.7,21.38095238095238,21.316666666666666,28.683333333333334
2022-02-25,9.733333333333333,0.4114736842105263,3.579518072289157,3.564406779661017,29.0,30.38095238095238,19.142857142857142,20.333333333333332,28.166666666666668
2022-02-26,5.666666666666667,0.5833695652173914,4.066233766233767,7.110769230769231,22.0,31.6,9.3,13.733333333333334,17.366666666666667
2022-02-27,13.016666666666666,0.0002857142857142857,0.004,6.122448979591836,30.0,34.904761904761905,12.571428571428571,28.05,38.15
2022-02-28,9.799999999999999,0.004954128440366972,0.04895833333333333,5.3687499999999995,25.0,34.61904761904762,13.761904761904763,20.516666666666666,28.333333333333332
2022-03-01,7.6000000000000005,0.006846846846846847,0.0,5.084444444444444,26.0,33.80952380952381,8.2,20.349999999999998,27.2
2022-03-02,8.483333333333333,0.1011764705882353,0.0015384615384615385,4.160416666666666,39.0,41.142857142857146,22.238095238095237,19.0,24.883333333333336
2022-03-03,13.483333333333334,0.11120000000000001,0.20746268656716418,3.3978260869565218,35.0,41.476190476190474,24.714285714285715,25.116666666666664,35.666666666666664
2022-03-04,7.3999999999999995,0.0006542056074766356,0.0,2.8355555555555556,24.0,36.476190476190474,11.25,16.733333333333334,23.46666666666667
2022-03-05,7.05,0.0,0.0,2.2902439024390246,33.0,38.6,14.31578947368421,14.700000000000001,19.0
2022-03-06,13.466666666666667,0.0023762376237623766,0.0,1.4511627906976743,46.0,52.666666666666664,27.333333333333332,27.8,39.31666666666667
2022-03-07,10.549999999999999,0.0213,0.0,0.05957446808510638,57.0,63.15,42.35,36.53333333333333,50.86666666666667
2022-03-08,14.683333333333332,0.13540000000000002,0.0,0.041666666666666664,45.0,55.5,34.2,32.016666666666666,41.78333333333333
2022-03-09,3.466666666666667,0.02883495145631068,0.18585858585858583,0.24,36.0,42.55,26.4,10.133333333333333,13.85
2022-03-10,4.916666666666667,0.2620588235294118,2.330120481927711,2.1775862068965517,38.0,44.666666666666664,23.523809523809526,12.85,16.55
2022-03-11,6.3500000000000005,0.0001923076923076923,0.0,0.050980392156862744,41.0,52.04761904761905,25.523809523809526,17.333333333333332,22.5
2022-03-12,12.450000000000001,0.06333333333333334,0.0625,0.049019607843137254,41.0,48.9,27.4,32.699999999999996,46.18333333333334
2022-03-13,15.866666666666667,0.3341584158415842,0.2513513513513514,0.1803921568627451,28.0,40.857142857142854,19.80952380952381,30.366666666666664,41.916666666666664
2022-03-14,9.766666666666667,0.0,0.0,0.0,38.0,45.0,23.523809523809526,20.116666666666664,28.483333333333334
2022-03-15,8.183333333333334,0.000925925925925926,0.0,0.0,47.0,56.666666666666664,34.65,17.483333333333334,22.483333333333334
2022-03-16,6.166666666666667,0.021100917431192658,0.0,0.0,43.0,58.25,36.45,15.516666666666666,19.833333333333332
2022-03-17,4.483333333333333,0.006727272727272728,0.0,0.0,43.0,56.76190476190476,35.0,11.25,15.033333333333333
2022-03-18,4.75,0.05314814814814815,0.0,0.0,53.0,65.52380952380952,42.333333333333336,14.4,18.366666666666667
2022-03-19,5.966666666666666,0.04096153846153846,0.0,0.0,49.0,64.3,43.7,14.033333333333333,18.05
2022-03-20,9.35,0.2586538461538461,0.0,0.0,52.0,58.19047619047619,43.61904761904762,22.133333333333336,29.900000000000002
2022-03-21,14.866666666666667,0.001388888888888889,0.0,0.0,50.0,60.57142857142857,39.80952380952381,29.849999999999998,42.483333333333334
2022-03-22,14.299999999999999,0.0,0.0,0.0,45.0,54.80952380952381,33.61904761904762,29.733333333333334,41.78333333333333
2022-03-23,6.483333333333333,0.0035576923076923077,0.0,0.0,39.0,50.7,27.473684210526315,12.533333333333333,17.033333333333335
2022-03-24,11.266666666666667,0.3714150943396226,0.0,0.0,41.0,46.476190476190474,32.42857142857143,18.966666666666665,26.166666666666668
2022-03-25,7.8500000000000005,0.7501818181818182,0.0,0.0,46.0,52.666666666666664,37.19047619047619,19.183333333333334,25.633333333333336
2022-03-26,7.783333333333334,0.007500000000000001,0.0,0.0,50.0,56.76190476190476,38.42857142857143,16.25,21.650000000000002
2022-03-27,12.950000000000001,0.047,0.0,0.0,44.0,52.904761904761905,33.714285714285715,23.3,30.55
2022-03-28,16.033333333333335,0.0016363636363636363,0.0326530612244898,0.032075471698113214,31.0,42.57142857142857,21.952380952380953,25.116666666666664,34.96666666666667
2022-03-29,15.133333333333333,9.345794392523364e-05,0.0009708737864077671,0.0,27.0,35.333333333333336,17.42105263157895,25.633333333333336,35.0
2022-03-30,10.166666666666666,0.0,0.0,0.0,37.0,43.666666666666664,23.857142857142858,21.0,29.683333333333334
2022-03-31,13.333333333333334,0.022636363636363635,0.0,0.0,51.0,56.523809523809526,32.57142857142857,30.166666666666668,42.15
2022-04-01,11.966666666666667,0.3719642857142857,0.0,0.0,57.0,62.57142857142857,40.76190476190476,27.316666666666666,40.46666666666667
2022-04-02,12.35,0.11745454545454545,0.0,0.0,45.0,55.38095238095238,35.76190476190476,25.483333333333334,35.53333333333333
2022-04-03,6.683333333333334,0.002181818181818182,0.0,0.0,44.0,52.666666666666664,29.38095238095238,15.700000000000001,22.316666666666666
2022-04-04,10.333333333333334,0.04163636363636364,0.0,0.0,45.0,54.76190476190476,33.76190476190476,21.96666666666667,29.349999999999998
2022-04-05,6.616666666666667,0.0010434782608695651,0.0,0.0,50.0,59.19047619047619,32.19047619047619,17.183333333333334,21.616666666666664
2022-04-06,7.566666666666666,0.024237288135593223,0.0,0.0,45.0,54.95238095238095,36.80952380952381,18.183333333333334,24.71666666666667
2022-04-07,11.966666666666667,0.12352941176470589,0.0,0.0,44.0,50.476190476190474,35.76190476190476,25.866666666666664,35.050000000000004
2022-04-08,9.799999999999999,0.49355371900826445,0.0,0.0,53.0,58.38095238095238,40.523809523809526,25.016666666666666,34.86666666666667
2022-04-09,7.183333333333334,0.0531858407079646,0.0,0.0,51.0,60.31578947368421,39.26315789473684,24.133333333333336,31.866666666666664
2022-04-10,11.450000000000001,0.23695652173913043,0.003125,0.0,48.0,56.857142857142854,34.666666666666664,23.53333333333333,32.25
2022-04-11,9.65,0.005299145299145299,0.0,0.0,50.0,59.523809523809526,37.23809523809524,18.483333333333334,25.683333333333334
2022-04-12,7.866666666666667,0.022327586206896552,0.0,0.0,56.0,66.0952380952381,43.095238095238095,19.0,24.433333333333334
2022-04-13,7.1000000000000005,0.04576271186440678,0.0,0.0,60.0,70.0952380952381,40.095238095238095,18.016666666666666,24.866666666666664
2022-04-14,7.766666666666667,0.009166666666666667,0.0,0.0,50.0,62.23809523809524,43.666666666666664,13.916666666666666,18.516666666666666
2022-04-15,11.216666666666667,0.13316666666666668,0.0,0.0,55.0,60.142857142857146,42.904761904761905,24.849999999999998,33.516666666666666
2022-04-16,14.133333333333333,0.02919642857142857,0.0,0.0,60.0,68.85,45.45,27.183333333333334,36.68333333333333
2022-04-17,10.383333333333335,0.37321739130434783,0.0,0.0,46.0,60.23809523809524,37.476190476190474,24.333333333333332,33.85
2022-04-18,9.366666666666667,0.008333333333333333,0.0014084507042253522,0.0,45.0,52.57142857142857,30.38095238095238,20.016666666666666,27.53333333333333
2022-04-19,18.400000000000002,1.1189915966386554,0.0,0.0,49.0,57.38095238095238,38.285714285714285,33.65,44.01666666666667
2022-04-20,12.033333333333333,0.047017543859649125,0.0,0.0,47.0,56.80952380952381,38.95238095238095,24.616666666666664,34.550000000000004
2022-04-21,12.016666666666666,0.0002702702702702703,0.0,0.0,51.0,59.142857142857146,33.142857142857146,26.516666666666666,36.833333333333336
2022-04-22,11.583333333333334,0.0002631578947368421,0.0,0.0,56.0,63.476190476190474,40.857142857142854,24.633333333333336,34.483333333333334
2022-04-23,6.616666666666666,0.0,0.0,0.0,52.0,64.04761904761905,38.857142857142854,15.583333333333334,21.266666666666666
2022-04-24,7.3999999999999995,0.0,0.0,0.0,47.0,58.42857142857143,42.142857142857146,16.400000000000002,22.333333333333332
2022-04-25,7.533333333333334,0.0,0.0,0.0,49.0,55.76190476190476,39.095238095238095,15.883333333333335,19.78333333333333
2022-04-26,5.783333333333334,0.023185840707964603,0.0,0.0,49.0,57.857142857142854,42.714285714285715,11.916666666666666,15.033333333333333
2022-04-27,13.549999999999999,0.3310569105691057,0.0,0.0,53.0,57.0,44.714285714285715,27.133333333333336,39.35
2022-04-28,16.633333333333336,0.013362068965517242,0.0,0.0,46.0,55.38095238095238,37.61904761904762,27.816666666666666,39.36666666666667
2022-04-29,13.200000000000001,8.771929824561404e-05,0.0,0.0,47.0,54.38095238095238,37.61904761904762,24.96666666666667,34.85
2022-04-30,6.333333333333333,8.695652173913044e-05,0.0,0.0,47.0,57.7,35.25,17.483333333333334,23.46666666666667
2022-05-01,6.216666666666666,0.0,0.0,0.0,52.0,63.23809523809524,35.285714285714285,17.883333333333333,22.633333333333336
2022-05-02,6.55,0.01094017094017094,0.0,0.0,51.0,63.857142857142854,39.857142857142854,14.916666666666666,18.366666666666667
2022-05-03,7.566666666666666,0.3214516129032258,0.0,0.0,48.0,58.095238095238095,44.19047619047619,13.4,17.400000000000002
2022-05-04,4.6499999999999995,0.02728813559322034,0.0,0.0,49.0,56.523809523809526,46.095238095238095,12.049999999999999,15.366666666666667
2022-05-05,7.033333333333334,0.14991666666666667,0.0,0.0,57.0,62.714285714285715,45.04761904761905,15.733333333333334,21.933333333333334
2022-05-06,4.65,0.0002586206896551724,0.0,0.0,57.0,66.66666666666667,45.80952380952381,12.583333333333334,16.183333333333334
2022-05-07,16.150000000000002,0.001327433628318584,0.0,0.0,51.0,59.5,44.5,29.5,41.28333333333333
2022-05-08,13.4,0.0,0.0,0.0,48.0,52.904761904761905,42.095238095238095,25.116666666666664,36.333333333333336
2022-05-09,13.65,0.0,0.0,0.0,48.0,55.714285714285715,38.38095238095238,26.183333333333334,36.81666666666667
2022-05-10,12.75,0.0,0.0,0.0,52.0,58.42857142857143,41.857142857142854,24.78333333333333,34.56666666666667
2022-05-11,10.033333333333333,0.0,0.0,0.0,51.0,61.38095238095238,42.714285714285715,21.116666666666664,28.666666666666668
2022-05-12,5.416666666666667,0.004,0.0,0.0,54.0,67.0952380952381,49.285714285714285,13.366666666666667,17.883333333333336
2022-05-13,6.733333333333333,0.0006956521739130435,0.0,0.0,58.0,76.9047619047619,52.857142857142854,18.633333333333333,25.0
2022-05-14,9.1,0.0002702702702702703,0.0,0.0,74.0,83.85,60.75,20.0,25.666666666666668
2022-05-15,7.083333333333333,0.02375,0.0,0.0,70.0,82.80952380952381,61.61904761904762,15.183333333333332,19.483333333333334
2022-05-16,8.916666666666666,0.056206896551724145,0.0,0.0,67.0,80.28571428571429,57.714285714285715,22.166666666666668,28.46666666666667
2022-05-17,14.9,0.19056451612903225,0.0,0.0,65.0,76.47619047619048,55.38095238095238,27.866666666666664,39.483333333333334
2022-05-18,8.983333333333333,0.003103448275862069,0.0,0.0,63.0,73.33333333333333,50.80952380952381,22.95,31.849999999999998
2022-05-19,5.05,0.012966101694915255,0.0,0.0,58.0,66.33333333333333,51.61904761904762,14.016666666666666,18.666666666666668
2022-05-20,7.3,0.059401709401709406,0.0,0.0,56.0,64.66666666666667,48.476190476190474,16.55,22.133333333333336
2022-05-21,4.816666666666666,0.053389830508474574,0.0,0.0,61.0,77.04761904761905,54.19047619047619,13.833333333333334,18.166666666666668
2022-05-22,8.0,0.005086206896551724,0.0,0.0,67.0,88.57142857142857,59.333333333333336,26.3,36.96666666666667
2022-05-23,8.433333333333334,0.08499999999999999,0.0,0.0,67.0,84.19047619047619,57.666666666666664,20.150000000000002,27.166666666666668
2022-05-24,8.333333333333334,8.403361344537815e-05,0.0,0.0,58.0,69.14285714285714,50.714285714285715,17.183333333333334,23.150000000000002
2022-05-25,6.783333333333334,0.0,0.0,0.0,57.0,68.61904761904762,45.333333333333336,17.183333333333334,22.316666666666666
2022-05-26,10.85,0.0,0.0,0.0,61.0,71.38095238095238,47.57142857142857,21.3,28.166666666666668
2022-05-27,12.65,0.0005128205128205128,0.0,0.0,69.0,76.14285714285714,55.904761904761905,22.599999999999998,31.666666666666668
2022-05-28,8.016666666666667,0.22610169491525423,0.0,0.0,69.0,77.85,62.8,18.333333333333332,24.333333333333332
2022-05-29,6.0,0.20208333333333334,0.0,0.0,67.0,75.04761904761905,53.714285714285715,13.916666666666666,17.849999999999998
2022-05-30,8.049999999999999,0.00043103448275862074,0.0,0.0,72.0,82.71428571428571,54.61904761904762,18.033333333333335,23.666666666666668
2022-05-31,9.25,0.00823529411764706,0.0,0.0,69.0,84.85714285714286,58.333333333333336,24.516666666666666,32.0
2022-06-01,5.3,0.10609375,0.0,0.0,56.0,70.85714285714286,54.19047619047619,12.883333333333333,15.883333333333333
2022-06-02,6.116666666666667,0.16801587301587304,0.0,0.0,58.0,64.95238095238095,53.666666666666664,13.25,16.55
2022-06-03,5.383333333333333,0.012869565217391304,0.0,0.0,56.0,65.57142857142857,53.523809523809526,12.583333333333334,16.216666666666665
2022-06-04,6.266666666666667,0.045,0.0,0.0,60.0,69.94736842105263,53.26315789473684,16.7,21.333333333333332
2022-06-05,6.783333333333334,0.003793103448275862,0.0,0.0,66.0,74.66666666666667,48.285714285714285,17.333333333333332,24.3
2022-06-06,5.05,0.0,0.0,0.0,66.0,77.66666666666667,48.57142857142857,14.25,18.0
2022-06-07,11.516666666666666,0.0010256410256410256,0.0,0.0,70.0,80.52380952380952,53.95238095238095,23.083333333333332,31.333333333333332
2022-06-08,8.866666666666667,0.45824000000000004,0.0,0.0,71.0,80.23809523809524,59.19047619047619,20.166666666666668,26.650000000000002
2022-06-09,10.133333333333333,0.3686776859504132,0.0,0.0,71.0,81.19047619047619,58.76190476190476,25.3,35.0
2022-06-10,9.049999999999999,0.5479831932773108,0.0,0.0,70.0,79.9047619047619,54.523809523809526,22.116666666666664,29.833333333333332
2022-06-11,5.783333333333334,0.0005172413793103448,0.0,0.0,71.0,77.8,55.2,14.733333333333334,20.55
2022-06-12,8.116666666666667,0.0017796610169491527,0.0,0.0,70.0,78.38095238095238,54.714285714285715,19.849999999999998,26.71666666666667
2022-06-13,7.25,0.1276984126984127,0.0,0.0,71.0,81.0952380952381,61.095238095238095,16.883333333333333,21.96666666666667
2022-06-14,7.933333333333334,0.005126050420168067,0.0,0.0,73.0,82.23809523809524,57.23809523809524,16.7,21.933333333333334
2022-06-15,6.366666666666666,0.0,0.0,0.0,68.0,78.28571428571429,57.38095238095238,14.216666666666667,18.666666666666668
2022-06-16,10.666666666666666,0.0,0.0,0.0,66.0,74.9,53.05,22.166666666666668,28.683333333333334
2022-06-17,12.200000000000001,0.008495575221238937,0.0,0.0,73.0,79.61904761904762,62.476190476190474,23.150000000000002,32.36666666666667
2022-06-18,13.666666666666666,0.0781651376146789,0.0,0.0,70.0,78.15,57.95,23.483333333333334,32.016666666666666
2022-06-19,7.583333333333333,0.22415929203539825,0.0,0.0,57.0,64.80952380952381,50.04761904761905,18.516666666666666,25.650000000000002
2022-06-20,7.016666666666667,0.018076923076923077,0.0,0.0,62.0,69.57142857142857,46.57142857142857,19.516666666666666,27.233333333333334
2022-06-21,6.716666666666666,0.0012844036697247708,0.0,0.0,62.0,76.66666666666667,47.904761904761905,16.366666666666667,21.45
2022-06-22,8.45,0.00027272727272727274,0.0,0.0,62.0,73.38095238095238,54.04761904761905,18.849999999999998,25.150000000000002
2022-06-23,7.166666666666667,0.0002752293577981651,0.0,0.0,63.0,74.85714285714286,56.523809523809526,18.150000000000002,23.816666666666666
2022-06-24,4.483333333333333,0.006306306306306306,0.0,0.0,66.0,78.80952380952381,55.76190476190476,13.700000000000001,17.849999999999998
2022-06-25,4.85,0.003619047619047619,0.0,0.0,75.0,83.85,58.15,12.35,15.583333333333334
2022-06-26,7.7,0.0,0.0,0.0,78.0,89.85714285714286,62.714285714285715,20.366666666666667,27.900000000000002
2022-06-27,10.25,0.06646551724137931,0.0,0.0,73.0,84.23809523809524,65.04761904761905,21.2,28.71666666666667
2022-06-28,5.166666666666667,0.5745901639344262,0.0,0.0,70.0,77.55,54.76190476190476,12.916666666666666,17.483333333333334
2022-06-29,5.333333333333333,0.0061403508771929825,0.0,0.0,71.0,80.95238095238095,56.333333333333336,15.583333333333334,22.46666666666667
2022-06-30,6.916666666666667,0.07803418803418805,0.0,0.0,73.0,81.42857142857143,58.523809523809526,18.516666666666666,24.3
2022-07-01,10.1,0.0005217391304347826,0.0,0.0,77.0,85.9047619047619,60.523809523809526,21.95,29.433333333333337
2022-07-02,8.933333333333334,0.22557377049180327,0.0,0.0,78.0,88.55,67.2,18.366666666666667,24.683333333333334
2022-07-03,6.45,0.14008771929824562,0.0,0.0,77.0,85.47619047619048,64.23809523809524,16.849999999999998,22.166666666666668
2022-07-04,5.6499999999999995,0.00018018018018018018,0.0,0.0,76.0,84.42857142857143,56.857142857142854,15.733333333333334,22.183333333333334
2022-07-05,7.016666666666667,0.007500000000000001,0.0,0.0,73.0,80.76190476190476,59.95238095238095,18.866666666666667,25.266666666666666
2022-07-06,10.333333333333334,0.16285714285714284,0.0,0.0,75.0,80.52380952380952,63.285714285714285,22.46666666666667,31.333333333333332
2022-07-07,6.6000000000000005,0.0003448275862068966,0.0,0.0,71.0,81.61904761904762,58.80952380952381,17.333333333333332,21.650000000000002
2022-07-08,7.8,0.0,0.0,0.0,73.0,83.6,59.65,16.366666666666667,21.8
2022-07-09,6.666666666666667,0.0,0.0,0.0,73.0,82.1,61.5,14.549999999999999,19.516666666666666
2022-07-10,6.683333333333334,0.0,0.0,0.0,69.0,80.04761904761905,53.904761904761905,15.4,19.333333333333332
2022-07-11,10.5,0.0,0.0,0.0,74.0,83.2,57.25,19.833333333333332,27.016666666666666
2022-07-12,13.049999999999999,0.0024786324786324784,0.0,0.0,76.0,87.14285714285714,62.80952380952381,25.983333333333334,35.0
2022-07-13,6.116666666666667,0.042231404958677686,0.0,0.0,77.0,88.33333333333333,66.80952380952381,13.916666666666666,19.116666666666664
2022-07-14,5.583333333333333,0.2743333333333334,0.0,0.0,71.0,86.66666666666667,65.19047619047619,16.183333333333334,21.266666666666666
2022-07-15,6.416666666666667,0.06165217391304348,0.0,0.0,74.0,84.28571428571429,60.42857142857143,14.066666666666668,18.0
2022-07-16,7.140000000000001,0.0,0.0,0.0,75.0,84.55555555555556,60.388888888888886,15.85,19.983333333333334
2022-07-17,6.8,0.0015178571428571426,0.0,0.0,76.0,86.6,62.75,18.2,24.18
2022-07-18,8.92,0.045789473684210526,0.0,0.0,76.0,85.65,66.9,17.0,23.0
2022-07-19,12.4,0.3888333333333333,0.0,0.0,81.0,87.66666666666667,71.04761904761905,22.166666666666668,30.516666666666666
2022-07-20,6.183333333333334,0.00017094017094017094,0.0,0.0,84.0,93.47619047619048,69.71428571428571,14.549999999999999,19.0
2022-07-21,10.583333333333334,0.001842105263157895,0.0,0.0,83.0,94.19047619047619,71.42857142857143,24.166666666666668,32.666666666666664
2022-07-22,7.033333333333334,0.0008771929824561404,0.0,0.0,84.0,93.66666666666667,70.38095238095238,15.550000000000002,21.650000000000002
2022-07-23,5.8500000000000005,0.0,0.0,0.0,84.0,94.76190476190476,70.42857142857143,14.033333333333333,19.483333333333334
2022-07-24,11.133333333333333,0.0,0.0,0.0,87.0,97.28571428571429,69.85714285714286,24.150000000000002,33.666666666666664
2022-07-25,11.549999999999999,0.0023931623931623936,0.0,0.0,85.0,93.85714285714286,74.0,25.683333333333334,34.15
2022-07-26,7.166666666666667,0.019736842105263157,0.0,0.0,78.0,86.42857142857143,65.04761904761905,16.033333333333335,21.599999999999998
2022-07-27,5.2,0.0,0.0,0.0,74.0,84.19047619047619,58.476190476190474,14.216666666666667,18.666666666666668
2022-07-28,8.433333333333334,0.008333333333333333,0.0,0.0,76.0,86.9,61.6,21.666666666666668,28.983333333333334
2022-07-29,8.5,0.176984126984127,0.0,0.0,82.0,89.47619047619048,67.66666666666667,19.78333333333333,27.849999999999998
2022-07-30,8.416666666666666,0.017739130434782608,0.0,0.0,81.0,88.65,68.35,22.116666666666664,29.25
2022-07-31,6.183333333333334,0.0007272727272727273,0.0,0.0,77.0,87.33333333333333,61.0,16.666666666666668,21.683333333333334
2022-08-01,7.3999999999999995,0.03713114754098361,0.0,0.0,77.0,86.9047619047619,66.04761904761905,16.033333333333335,20.78333333333333
2022-08-02,7.8999999999999995,0.0017948717948717949,0.0,0.0,78.0,89.52380952380952,66.0,17.883333333333336,24.483333333333334
2022-08-03,7.1000000000000005,0.023495934959349596,0.0,0.0,78.0,89.47619047619048,68.42857142857143,16.0,20.816666666666666
2022-08-04,9.15,0.0,0.0,0.0,81.0,92.33333333333333,65.28571428571429,19.183333333333334,25.433333333333334
2022-08-05,4.916666666666667,0.02235294117647059,0.0,0.0,81.0,95.0952380952381,70.65,21.96666666666667,30.883333333333336
2022-08-06,7.616666666666667,0.29507936507936505,0.0,0.0,83.0,95.63157894736842,71.05263157894737,18.7,25.833333333333332
2022-08-07,11.666666666666666,0.03226890756302521,0.0,0.0,86.0,95.52380952380952,74.04761904761905,23.849999999999998,34.35
2022-08-08,11.816666666666668,0.13585365853658538,0.0,0.0,85.0,96.6,75.3,23.433333333333334,30.650000000000002
2022-08-09,9.966666666666667,0.027016129032258064,0.0,0.0,85.0,96.71428571428571,73.19047619047619,21.816666666666666,30.0
2022-08-10,6.316666666666666,0.20959349593495935,0.0,0.0,69.0,86.33333333333333,65.19047619047619,13.366666666666667,17.183333333333334
2022-08-11,4.816666666666666,0.012586206896551724,0.0,0.0,69.0,78.76190476190476,64.9047619047619,11.916666666666666,15.883333333333335
2022-08-12,7.416666666666667,0.004745762711864407,0.0,0.0,73.0,81.19047619047619,64.04761904761905,15.216666666666669,20.366666666666667
2022-08-13,5.416666666666667,0.00035087719298245617,0.0,0.0,68.0,79.9,59.15,13.366666666666667,18.033333333333335
2022-08-14,5.383333333333333,0.0008620689655172415,0.0,0.0,70.0,80.61904761904762,54.857142857142854,14.549999999999999,19.183333333333334
2022-08-15,5.266666666666667,0.0,0.0,0.0,71.0,83.05,55.95,14.549999999999999,20.45
2022-08-16,7.566666666666666,0.0,0.0,0.0,70.0,81.3,56.5,18.0,24.5
2022-08-17,9.466666666666667,0.022016806722689075,0.0,0.0,70.0,79.0,62.0,20.633333333333333,27.916666666666668
2022-08-18,12.816666666666668,0.009243697478991597,0.0,0.0,73.0,80.23809523809524,62.904761904761905,23.816666666666666,33.199999999999996
2022-08-19,7.333333333333333,0.00043103448275862074,0.0,0.0,80.0,86.95238095238095,61.95238095238095,16.400000000000002,21.650000000000002
2022-08-20,5.666666666666667,0.001981981981981982,0.0,0.0,79.0,92.0952380952381,62.76190476190476,17.933333333333334,22.8
2022-08-21,6.95,0.04184210526315789,0.0,0.0,78.0,89.9047619047619,64.9047619047619,16.7,23.816666666666666
2022-08-22,4.983333333333333,0.06786324786324786,0.0,0.0,70.0,81.52380952380952,63.61904761904762,11.916666666666666,15.700000000000001
2022-08-23,3.5666666666666664,0.6226356589147287,0.0,0.0,70.0,75.76190476190476,66.47619047619048,12.549999999999999,15.366666666666667
2022-08-24,4.3,0.2854761904761905,0.0,0.0,72.0,81.04761904761905,64.33333333333333,13.700000000000001,17.849999999999998
2022-08-25,4.6000000000000005,0.0015652173913043477,0.0,0.0,76.0,87.33333333333333,64.38095238095238,14.216666666666667,18.7
2022-08-26,6.333333333333333,0.046079999999999996,0.0,0.0,78.0,88.76190476190476,65.23809523809524,24.28333333333333,31.683333333333334
2022-08-27,6.516666666666667,0.447923076923077,0.0,0.0,72.0,83.65,65.15,14.516666666666666,18.816666666666666
2022-08-28,5.866666666666667,0.0003225806451612903,0.0,0.0,71.0,80.23809523809524,62.42857142857143,14.866666666666667,19.333333333333332
2022-08-29,9.440000000000001,0.0,0.0,0.0,75.0,84.95,60.55,18.033333333333335,24.166666666666668
2022-08-30,11.433333333333332,0.0,0.0,0.0,80.0,89.75,67.57142857142857,20.833333333333332,27.46666666666667
2022-08-31,8.083333333333334,0.263021582733813,0.0,0.0,77.0,87.15,66.35,21.633333333333336,29.733333333333334
2022-09-01,8.799999999999999,0.02008064516129032,0.0,0.0,74.0,81.33333333333333,57.285714285714285,22.133333333333336,31.03333333333333
2022-09-02,5.216666666666666,0.0,0.0,0.0,65.0,76.71428571428571,49.523809523809526,12.383333333333333,16.849999999999998
2022-09-03,6.3,0.0,0.0,0.0,66.0,77.47619047619048,51.61904761904762,15.85,20.683333333333334
2022-09-04,5.966666666666666,0.0,0.0,0.0,71.0,83.76190476190476,57.476190476190474,13.883333333333333,17.883333333333336
2022-09-05,7.316666666666666,0.42078740157480315,0.0,0.0,70.0,80.85714285714286,61.61904761904762,14.700000000000001,19.183333333333334
2022-09-06,7.683333333333334,1.5083088235294118,0.0,0.0,64.0,69.23809523809524,61.285714285714285,15.033333333333333,20.566666666666666
2022-09-07,7.3,0.8205925925925927,0.0,0.0,65.0,68.76190476190476,57.57142857142857,14.700000000000001,20.45
2022-09-08,6.033333333333334,0.003089430894308943,0.0,0.0,65.0,72.45,54.4,13.733333333333334,18.55
2022-09-09,3.1666666666666665,0.0001639344262295082,0.0,0.0,65.0,76.28571428571429,53.57142857142857,10.516666666666667,13.533333333333333
2022-09-10,3.766666666666667,0.0,0.0,0.0,72.0,81.61904761904762,56.857142857142854,10.516666666666667,14.216666666666667
2022-09-11,4.883333333333334,0.0015126050420168067,0.0,0.0,74.0,81.38095238095238,60.95238095238095,12.233333333333334,15.85
2022-09-12,4.3999999999999995,0.04834645669291338,0.0,0.0,71.0,79.04761904761905,62.333333333333336,10.566666666666666,13.733333333333334
2022-09-13,5.283333333333333,0.0296875,0.0,0.0,69.0,76.57142857142857,64.52380952380952,15.033333333333333,19.78333333333333
2022-09-14,9.916666666666666,0.22312977099236642,0.0,0.0,72.0,77.14285714285714,58.57142857142857,19.516666666666666,26.100000000000005
2022-09-15,10.9,0.0005217391304347826,0.0,0.0,67.0,74.23809523809524,54.285714285714285,21.616666666666664,29.900000000000002
2022-09-16,7.283333333333332,0.0,0.0,0.0,63.0,70.61904761904762,45.523809523809526,16.55,22.599999999999998
2022-09-17,5.633333333333333,0.0,0.0,0.0,61.0,70.04761904761905,43.61904761904762,13.033333333333333,17.150000000000002
2022-09-18,9.666666666666666,0.0027966101694915256,0.0,0.0,70.0,76.52380952380952,51.095238095238095,19.183333333333334,25.45
2022-09-19,7.416666666666667,0.06248062015503876,0.0,0.0,65.0,76.23809523809524,57.142857142857146,15.883333333333335,20.95
2022-09-20,4.55,0.4163358778625954,0.0,0.0,61.0,65.0,56.904761904761905,11.533333333333333,14.883333333333333
2022-09-21,5.733333333333333,0.059609375,0.0,0.0,62.0,66.23809523809524,55.714285714285715,13.833333333333334,17.866666666666667
2022-09-22,9.440000000000001,0.13073170731707315,0.0,0.0,65.0,68.8,55.1,21.633333333333336,29.53333333333333
2022-09-23,15.48,1.0026717557251907,0.0,0.0,56.0,65.45,47.1,28.016666666666666,40.0
2022-09-24,10.916666666666666,0.0011864406779661019,0.0,0.0,56.0,64.19047619047619,45.476190476190474,24.150000000000002,33.03333333333333
2022-09-25,6.8500000000000005,0.0013793103448275863,0.0,0.0,60.0,68.55555555555556,43.833333333333336,16.21666666666667,20.650000000000002
2022-09-26,9.516666666666667,0.098125,0.0,0.0,66.0,70.85714285714286,50.666666666666664,20.666666666666668,27.650000000000002
2022-09-27,7.916666666666667,0.11681481481481482,0.0,0.0,65.0,73.5,52.7,21.983333333333334,28.683333333333334
2022-09-28,7.516666666666667,0.0006504065040650406,0.0,0.0,63.0,71.65,48.1,14.549999999999999,19.816666666666666
2022-09-29,7.05,8.403361344537815e-05,0.0,0.0,59.0,68.4,47.4,15.583333333333334,21.3
2022-09-30,4.516666666666667,0.0,0.0,0.0,54.0,63.9,42.55,11.183333333333332,14.366666666666667
2022-10-01,5.183333333333334,0.005806451612903225,0.0,0.0,55.0,59.95238095238095,44.523809523809526,12.333333333333334,16.183333333333334
2022-10-02,16.066666666666666,0.05785714285714286,0.0,0.0,56.0,57.333333333333336,48.23809523809524,27.849999999999998,40.483333333333334
2022-10-03,12.75,0.0007377049180327869,0.0,0.0,53.0,55.45,48.4,22.46666666666667,31.266666666666666
2022-10-04,13.066666666666668,0.026557377049180327,0.0,0.0,55.0,56.526315789473685,48.78947368421053,21.633333333333336,29.166666666666668
2022-10-05,10.200000000000001,0.6667407407407407,0.0,0.0,56.0,58.05,52.1,17.7,24.3
2022-10-06,4.8500000000000005,0.5050375939849624,0.0,0.0,62.0,66.05,53.15,12.049999999999999,16.333333333333332
2022-10-07,7.266666666666667,0.003149606299212599,0.0,0.0,65.0,75.0,50.95,19.066666666666666,26.016666666666666
2022-10-08,7.633333333333333,0.017857142857142856,0.0,0.0,57.0,68.95,43.9,16.066666666666666,21.816666666666666
2022-10-09,7.833333333333333,0.001532258064516129,0.0,0.0,53.0,61.45,35.55,19.966666666666665,25.833333333333332
2022-10-10,4.3,0.0011200000000000001,0.0,0.0,56.0,63.25,38.45,15.4,19.633333333333333
2022-10-11,4.066666666666666,0.011496062992125983,0.0,0.0,56.0,64.95,39.55,13.733333333333334,18.183333333333334
2022-10-12,7.2,7.874015748031496e-05,0.0,0.0,62.0,70.15,41.1,19.333333333333332,24.96666666666667
2022-10-13,10.950000000000001,0.07500000000000001,0.0,0.0,61.0,70.4,47.7,20.5,28.46666666666667
2022-10-14,7.55,1.3306617647058823,0.0,0.0,64.0,67.45,54.15,23.233333333333334,32.35
2022-10-15,5.0,0.5604761904761905,0.0,0.0,61.0,69.15789473684211,46.1578947368421,12.366666666666667,16.55
2022-10-16,2.9,0.0010483870967741935,0.0,0.0,58.0,69.7,44.0,10.700000000000001,13.733333333333334
2022-10-17,4.433333333333334,0.028396946564885495,0.0,0.0,55.0,64.73684210526316,44.0,16.033333333333335,21.683333333333334
2022-10-18,6.8999999999999995,0.7279710144927536,0.0,0.0,62.0,64.63157894736842,44.888888888888886,20.150000000000002,26.366666666666664
2022-10-19,8.200000000000001,0.05275590551181102,0.0,0.0,52.0,62.6,36.35,20.316666666666666,26.366666666666664
2022-10-20,10.516666666666667,0.0003968253968253968,0.0,0.0,50.0,58.4,36.15,23.150000000000002,30.366666666666664
2022-10-21,5.6000000000000005,0.00023809523809523812,0.0,0.0,53.0,61.05,35.78947368421053,14.700000000000001,18.7
2022-10-22,5.0,0.0,0.0,0.0,57.0,66.35,37.94736842105263,14.066666666666668,18.516666666666666
2022-10-23,4.966666666666667,0.00744,0.0,0.0,55.0,63.68421052631579,41.5,13.5,17.683333333333334
2022-10-24,5.933333333333334,0.13037878787878787,0.0,0.0,56.0,59.7,47.65,12.683333333333335,16.883333333333336
2022-10-25,4.783333333333333,0.1742537313432836,0.0,0.0,59.0,62.6,54.4,10.033333333333333,13.183333333333332
2022-10-26,4.3,0.17932835820895524,0.0,0.0,60.0,65.25,58.10526315789474,10.366666666666667,14.183333333333332
2022-10-27,10.516666666666667,0.21566929133858267,0.0,0.0,63.0,66.25,50.1578947368421,21.633333333333336,29.733333333333334
2022-10-28,5.95,0.0005042016806722689,0.0,0.0,48.0,59.0,36.10526315789474,14.366666666666667,19.2
2022-10-29,3.1166666666666667,0.0003361344537815126,0.0,0.0,47.0,56.2,31.842105263157894,9.633333333333333,11.866666666666667
2022-10-30,3.15,8.333333333333333e-05,0.0,0.0,50.0,63.55,31.05263157894737,11.133333333333333,14.25
2022-10-31,7.216666666666666,0.0006504065040650406,0.0,0.0,55.0,67.45,34.63157894736842,18.333333333333332,23.616666666666664
2022-11-01,5.433333333333334,0.05606060606060606,0.0,0.0,61.0,65.19047619047619,40.666666666666664,10.85,15.516666666666666
2022-11-02,5.216666666666667,0.02016,0.0,0.0,60.0,65.85714285714286,45.333333333333336,15.25,21.53333333333333
2022-11-03,4.95,0.00016,0.0,0.0,54.0,67.61904761904762,29.0,12.916666666666666,16.183333333333334
2022-11-04,9.700000000000001,0.000310077519379845,0.0,0.0,59.0,69.28571428571429,32.61904761904762,21.78333333333333,29.683333333333334
2022-11-05,10.65,8.064516129032258e-05,0.0,0.0,65.0,73.66666666666667,50.19047619047619,21.816666666666666,29.53333333333333
2022-11-06,14.283333333333333,0.0001639344262295082,0.0,0.0,69.0,75.2,59.4,24.666666666666668,32.916666666666664
2022-11-07,13.0,0.02188976377952756,0.0,0.0,69.0,75.9047619047619,59.57142857142857,25.366666666666664,36.0
2022-11-08,10.983333333333334,0.016129032258064516,0.0,0.0,53.0,66.52380952380952,41.57142857142857,22.266666666666666,30.21666666666667
2022-11-09,5.1000000000000005,0.0,0.0,0.0,43.0,52.76190476190476,29.38095238095238,12.016666666666666,16.900000000000002
2022-11-10,11.85,0.0,0.0,0.0,53.0,60.095238095238095,35.42857142857143,21.3,28.05
2022-11-11,9.700000000000001,0.03447154471544716,0.0,0.0,61.0,68.95238095238095,46.904761904761905,25.016666666666666,34.63333333333333
2022-11-12,12.816666666666668,0.5629545454545455,0.0,0.0,69.0,72.76190476190476,52.65,26.816666666666666,35.983333333333334
2022-11-13,8.216666666666667,0.10751999999999999,0.0,0.0,54.0,65.14285714285714,38.76190476190476,23.983333333333334,34.666666666666664
2022-11-14,9.4,0.1504098360655738,0.0,0.0,41.0,47.7,30.904761904761905,21.633333333333336,30.400000000000002
2022-11-15,3.6666666666666665,0.00909090909090909,0.0,0.0,38.0,44.095238095238095,24.333333333333332,10.816666666666668,14.033333333333333
2022-11-16,10.566666666666666,0.6172519083969465,0.11492537313432837,0.038461538461538464,46.0,52.857142857142854,30.904761904761905,23.133333333333336,31.3
2022-11-17,11.200000000000001,0.2384126984126984,0.0,0.0,42.0,51.476190476190474,32.76190476190476,24.53333333333333,33.85
2022-11-18,8.583333333333334,0.0021259842519685043,0.0,0.0,39.0,45.904761904761905,27.952380952380953,17.400000000000002,25.3
2022-11-19,7.516666666666667,0.0004838709677419355,0.0,0.0,38.0,44.57142857142857,24.952380952380953,15.549999999999999,20.0
2022-11-20,13.166666666666666,0.0,0.0,0.0,35.0,41.333333333333336,24.428571428571427,29.683333333333334,41.63333333333333
2022-11-21,11.766666666666666,0.0,0.0,0.0,31.0,38.38095238095238,19.238095238095237,21.833333333333332,30.349999999999998
2022-11-22,6.833333333333333,0.0,0.0,0.0,41.0,44.42857142857143,25.38095238095238,17.3,23.016666666666666
2022-11-23,7.083333333333333,8.547008547008547e-05,0.0,0.0,44.0,49.0,29.333333333333332,17.0,23.616666666666664
2022-11-24,4.883333333333334,8.771929824561404e-05,0.0,0.0,39.0,49.19047619047619,25.333333333333332,13.366666666666667,17.900000000000002
2022-11-25,10.65,0.0007627118644067797,0.0,0.0,46.0,50.0,30.666666666666668,22.95,33.333333333333336
2022-11-26,11.483333333333334,0.006923076923076923,0.0,0.0,45.0,51.57142857142857,34.38095238095238,24.599999999999998,34.88333333333333
2022-11-27,7.716666666666668,0.05313559322033898,0.0,0.0,48.0,53.85,33.65,18.816666666666666,25.333333333333332
2022-11-28,12.416666666666666,0.5511538461538462,0.0,0.0,52.0,56.142857142857146,35.61904761904762,24.5,34.516666666666666
2022-11-29,4.033333333333334,0.0009375,0.0,0.0,39.0,47.857142857142854,26.428571428571427,10.516666666666667,14.549999999999999
2022-11-30,12.0,0.08431818181818182,0.0,0.0,47.0,51.333333333333336,30.238095238095237,36.35,48.38333333333333
2022-12-01,13.866666666666667,0.703134328358209,0.0,0.0,43.0,51.76190476190476,32.0,30.7,40.949999999999996
2022-12-02,6.55,0.0005555555555555556,0.0,0.0,39.0,44.76190476190476,26.761904761904763,13.25,16.816666666666666
2022-12-03,14.733333333333334,0.025,0.0,0.0,48.0,53.45,31.85,29.0,41.666666666666664
2022-12-04,6.55,0.2680769230769231,0.0,0.0,43.0,51.55,28.95,19.349999999999998,28.016666666666666
2022-12-05,6.283333333333332,0.00039370078740157485,0.0,0.0,39.0,46.9,23.6,19.383333333333336,25.150000000000002
2022-12-06,7.166666666666667,0.00746031746031746,0.0,0.0,46.0,52.23809523809524,29.238095238095237,15.933333333333335,20.650000000000002
2022-12-07,9.799999999999999,0.6808396946564885,0.0,0.0,52.0,56.04761904761905,42.42857142857143,17.2,25.016666666666666
2022-12-08,11.6,0.22888,0.0,0.0,53.0,56.8,40.35,22.983333333333334,33.03333333333333
2022-12-09,9.916666666666666,0.0005785123966942149,0.0,0.0,39.0,49.38095238095238,28.761904761904763,17.733333333333334,25.150000000000002
2022-12-10,9.549999999999999,0.0005785123966942149,0.0,0.0,33.0,40.94736842105263,28.263157894736842,16.849999999999998,22.849999999999998
2022-12-11,9.450000000000001,0.018951612903225806,0.0817391304347826,0.12340425531914893,30.0,33.23809523809524,24.19047619047619,16.216666666666665,21.46666666666667
2022-12-12,9.049999999999999,0.09325,1.178,1.2370967741935484,28.0,31.80952380952381,22.61904761904762,16.21666666666667,21.599999999999998
2022-12-13,10.066666666666666,0.0005691056910569107,0.0033898305084745766,0.6156862745098038,32.0,35.666666666666664,20.761904761904763,21.666666666666668,30.05
2022-12-14,14.549999999999999,0.001322314049586777,0.021904761904761903,0.36851851851851847,31.0,37.61904761904762,20.0,27.383333333333336,37.983333333333334
2022-12-15,9.833333333333334,0.009016393442622951,0.011214953271028038,0.20600000000000002,37.0,39.76190476190476,24.61904761904762,20.516666666666666,28.3
2022-12-16,17.116666666666667,0.551788617886179,0.0,0.0,43.0,43.333333333333336,36.95238095238095,26.5,37.35
2022-12-17,12.25,1.5145161290322582,0.11388888888888887,0.054000000000000006,40.0,43.95,32.4,22.116666666666664,30.633333333333336
2022-12-18,9.266666666666667,0.020491803278688523,0.0,0.0,37.0,41.80952380952381,28.047619047619047,17.583333333333332,23.46666666666667
2022-12-19,12.183333333333332,0.0,0.0,0.0,35.0,40.904761904761905,26.142857142857142,25.133333333333336,33.36666666666667
2022-12-20,9.533333333333333,0.00024390243902439024,0.0,0.0,35.0,40.333333333333336,26.761904761904763,18.7,26.333333333333332
2022-12-21,3.6999999999999997,0.0,0.0,0.0,32.0,39.38095238095238,21.904761904761905,9.700000000000001,11.866666666666667
2022-12-22,7.383333333333333,0.015966386554621848,0.0,0.0,35.0,41.285714285714285,22.428571428571427,24.683333333333334,34.18333333333333
2022-12-23,24.25,1.4110833333333335,0.0,0.0,49.0,55.05,18.75,40.96666666666667,57.65
2022-12-24,15.233333333333334,0.4769090909090909,0.03492063492063492,0.0,18.0,37.72222222222222,3.6842105263157894,26.366666666666664,35.0
2022-12-25,11.566666666666668,0.0,0.0,0.0,18.0,24.65,10.95,20.45,28.03333333333333
2022-12-26,7.633333333333333,0.0,0.0,0.0,26.0,30.25,14.157894736842104,15.066666666666668,20.833333333333332
2022-12-27,7.2,0.0,0.0,0.0,31.0,34.333333333333336,18.55,14.916666666666666,20.966666666666665
2022-12-28,6.716666666666666,0.0,0.0,0.0,32.0,38.23809523809524,17.4,18.033333333333335,24.816666666666666
2022-12-29,4.716666666666667,0.0,0.0,0.0,41.0,46.95238095238095,23.65,13.483333333333334,18.0
2022-12-30,6.383333333333333,0.0,0.0,0.0,48.0,56.714285714285715,30.5,14.4,19.0
2022-12-31,7.6499999999999995,0.03276785714285714,0.0,0.0,49.0,58.523809523809526,40.4,14.066666666666668,19.533333333333335
2023-01-01,10.466666666666667,0.3791056910569106,0.0,0.0,53.0,55.04761904761905,41.476190476190474,21.483333333333334,30.5
2023-01-02,5.183333333333334,0.0003333333333333333,0.0,0.0,44.0,52.35,29.75,18.216666666666665,25.150000000000002
2023-01-03,3.516666666666667,0.0460655737704918,0.0,0.0,41.0,47.095238095238095,29.428571428571427,10.033333333333333,13.183333333333332
2023-01-04,3.6666666666666665,0.6148062015503876,0.0,0.0,41.0,45.6,35.3,10.916666666666666,14.733333333333334
2023-01-05,10.666666666666666,0.2845161290322581,0.0,0.0,42.0,45.38095238095238,36.095238095238095,19.383333333333336,27.3
2023-01-06,5.3999999999999995,0.07380952380952381,0.06969696969696969,0.06545454545454546,35.0,39.523809523809526,32.42857142857143,12.066666666666668,15.216666666666669
2023-01-07,6.8,0.22739495798319326,0.6345679012345679,0.580952380952381,37.0,39.35,30.8,15.700000000000001,21.650000000000002
2023-01-08,6.966666666666666,8.620689655172414e-05,0.0,0.05471698113207548,32.0,40.523809523809526,22.571428571428573,16.849999999999998,22.516666666666666
2023-01-09,7.066666666666666,0.0009322033898305085,0.014814814814814815,0.027777777777777776,35.0,40.285714285714285,22.142857142857142,14.033333333333333,18.683333333333334
2023-01-10,7.916666666666667,0.00042735042735042735,0.007272727272727273,0.026785714285714284,37.0,41.714285714285715,24.61904761904762,15.733333333333334,23.116666666666664
2023-01-11,6.416666666666667,0.00016666666666666666,0.001724137931034483,0.018518518518518517,29.0,37.9,20.4,11.583333333333334,15.216666666666667
2023-01-12,7.05,0.03475409836065574,0.12150537634408604,0.09322033898305085,34.0,40.45,24.7,19.833333333333332,28.316666666666666
2023-01-13,13.666666666666666,0.7612295081967213,0.08208955223880597,0.010344827586206898,52.0,56.6,28.2,26.133333333333336,36.68333333333333
2023-01-14,10.083333333333334,0.07370689655172415,0.0140625,0.009259259259259259,37.0,48.10526315789474,31.31578947368421,17.55,24.833333333333332
2023-01-15,15.616666666666667,0.03889908256880734,0.11408450704225352,0.07777777777777778,34.0,35.4,28.3,25.683333333333334,36.833333333333336
2023-01-16,11.066666666666668,0.1763551401869159,1.6448275862068964,2.7573529411764706,31.0,35.45,28.25,19.0,27.55
2023-01-17,7.0,0.08738317757009345,0.6805555555555556,2.007936507936508,38.0,41.23809523809524,19.0,13.666666666666666,17.333333333333332
2023-01-18,9.65,0.02418803418803419,0.0,0.31052631578947365,45.0,50.5,31.6,22.316666666666666,30.333333333333332
2023-01-19,5.95,0.05504201680672269,0.002173913043478261,0.061818181818181814,40.0,46.3,24.8,16.849999999999998,22.0
2023-01-20,7.633333333333333,1.0561157024793388,0.9500000000000001,0.9661016949152542,35.0,38.35,31.05,26.96666666666667,35.86666666666667
2023-01-21,5.7,0.14321739130434782,0.7383720930232558,1.6475409836065573,31.0,33.526315789473685,27.157894736842106,12.883333333333333,17.55
2023-01-22,5.066666666666666,0.020677966101694915,0.007920792079207921,1.44,31.0,33.61904761904762,25.047619047619047,11.383333333333333,15.549999999999999
2023-01-23,12.416666666666666,0.9164705882352941,0.4788732394366197,1.253448275862069,35.0,36.0,28.571428571428573,22.016666666666666,29.383333333333336
2023-01-24,10.483333333333334,0.40672413793103446,3.181318681318681,4.04516129032258,34.0,36.80952380952381,25.61904761904762,19.0,27.150000000000002
2023-01-25,6.25,0.03529411764705882,0.049999999999999996,2.6641509433962263,35.0,39.476190476190474,24.904761904761905,18.2,24.983333333333334
2023-01-26,14.983333333333334,1.244390243902439,0.017391304347826087,0.924074074074074,45.0,51.95238095238095,25.047619047619047,32.050000000000004,43.5
2023-01-27,6.133333333333334,0.009067796610169493,0.0,0.4849056603773585,36.0,45.38095238095238,21.333333333333332,18.666666666666668,24.816666666666666
2023-01-28,8.933333333333334,0.0001724137931034483,0.0,0.4132075471698113,39.0,45.5,25.6,22.45,31.03333333333333
2023-01-29,7.45,8.771929824561404e-05,0.0,0.24600000000000002,43.0,50.36842105263158,29.05263157894737,19.866666666666667,26.316666666666666
2023-01-30,5.033333333333333,0.004210526315789474,0.0,0.15660377358490568,44.0,50.23809523809524,30.761904761904763,13.216666666666667,16.366666666666667
2023-01-31,7.766666666666667,0.05931623931623932,0.29638554216867474,0.2981132075471698,36.0,44.35,27.2,17.21666666666667,23.816666666666666
2023-02-01,5.583333333333333,0.0085,0.018446601941747572,0.0625,26.0,34.19047619047619,19.0,12.700000000000001,16.849999999999998
2023-02-02,9.5,8.474576271186441e-05,0.0009009009009009009,0.046296296296296294,30.0,34.857142857142854,18.047619047619047,18.366666666666667,24.3
2023-02-03,20.066666666666666,0.0008403361344537816,0.004807692307692308,0.0456140350877193,25.0,34.95238095238095,6.380952380952381,35.15,49.51666666666667
2023-02-04,13.183333333333332,0.0,0.0,0.04716981132075472,0.0,19.571428571428573,-11.142857142857142,28.7,40.85
2023-02-05,10.966666666666667,0.0,0.0,0.01346153846153846,30.0,37.04761904761905,2.2857142857142856,24.28333333333333,32.06666666666667
2023-02-06,8.333333333333334,0.0,0.0,0.0,41.0,49.04761904761905,26.047619047619047,19.633333333333333,27.0
2023-02-07,8.516666666666667,0.0010256410256410256,0.0008849557522123895,0.0,31.0,41.857142857142854,23.523809523809526,17.183333333333334,22.8
2023-02-08,10.066666666666666,0.025462184873949578,0.006060606060606061,0.0018181818181818182,40.0,42.19047619047619,27.0,20.3,26.616666666666664
2023-02-09,5.416666666666667,0.0002564102564102564,0.0,0.0,41.0,48.23809523809524,26.38095238095238,14.883333333333333,19.566666666666666
2023-02-10,12.166666666666666,0.003983050847457628,0.0,0.0,47.0,55.523809523809526,32.0,29.866666666666664,40.449999999999996
2023-02-11,10.616666666666667,8.620689655172414e-05,0.0,0.0,41.0,51.85,30.7,26.316666666666666,36.63333333333333
2023-02-12,5.416666666666667,0.0,0.0,0.0,39.0,46.61904761904762,25.476190476190474,13.4,17.0
2023-02-13,8.35,0.0,0.0,0.0,41.0,46.714285714285715,30.428571428571427,18.333333333333332,25.016666666666666
2023-02-14,7.333333333333333,0.0,0.0,0.0,42.0,47.76190476190476,29.80952380952381,21.633333333333336,29.733333333333334
2023-02-15,10.066666666666668,0.0,0.0,0.0,43.0,54.285714285714285,27.761904761904763,25.683333333333334,34.0
2023-02-16,7.416666666666667,0.0005172413793103448,0.0,0.0,55.0,59.76190476190476,37.333333333333336,20.666666666666668,27.316666666666666
2023-02-17,11.299999999999999,0.018000000000000002,0.0013157894736842105,0.0,51.0,60.42857142857143,36.0,28.566666666666666,39.016666666666666
2023-02-18,9.766666666666667,0.1136036036036036,0.03684210526315789,0.00909090909090909,30.0,48.78947368421053,20.842105263157894,26.016666666666666,35.18333333333333
2023-02-19,7.816666666666666,0.001,0.0,0.0,38.0,44.23809523809524,24.19047619047619,17.866666666666667,23.183333333333334
2023-02-20,9.466666666666667,0.0033944954128440367,0.0,0.0,50.0,53.57142857142857,33.142857142857146,22.266666666666666,30.066666666666666
2023-02-21,5.566666666666666,0.09125000000000001,0.29375,0.24754098360655738,41.0,52.476190476190474,32.76190476190476,14.85,18.533333333333335
2023-02-22,7.466666666666666,0.12425925925925926,0.12058823529411763,0.0036363636363636364,40.0,40.523809523809526,30.38095238095238,17.666666666666668,23.666666666666668
2023-02-23,10.1,0.7022222222222223,1.93125,1.8661016949152542,33.0,38.666666666666664,27.761904761904763,20.016666666666666,27.883333333333336
2023-02-24,12.15,0.2340566037735849,0.5,2.147272727272727,30.0,33.61904761904762,21.761904761904763,29.733333333333334,41.96666666666667
2023-02-25,4.733333333333333,0.0008490566037735849,0.011224489795918368,1.7686274509803923,18.0,27.157894736842106,11.105263157894736,13.4,18.333333333333332
2023-02-26,4.866666666666666,0.0218348623853211,0.4817073170731707,1.959016393442623,24.0,28.8,13.05,15.033333333333333,19.3
2023-02-27,7.366666666666667,0.003027522935779817,0.04777777777777777,1.8557692307692308,29.0,34.095238095238095,18.19047619047619,15.4,19.333333333333332
2023-02-28,8.549999999999999,0.15036036036036038,1.491208791208791,2.982456140350877,33.0,35.04761904761905,24.666666666666668,20.7,26.133333333333336
2023-03-01,5.616666666666667,0.2837272727272727,0.5686567164179105,2.5660377358490565,36.0,38.857142857142854,26.0,13.4,16.366666666666667
2023-03-02,9.083333333333334,0.2961111111111111,0.0,1.5372549019607844,39.0,43.04761904761905,31.095238095238095,22.599999999999998,31.066666666666666
2023-03-03,6.6000000000000005,0.09064814814814816,0.0014285714285714286,1.2,39.0,43.0,28.238095238095237,18.55,25.333333333333332
2023-03-04,14.316666666666668,0.5493693693693693,2.0162500000000003,3.035294117647059,36.0,41.05,29.75,28.0,38.550000000000004
2023-03-05,8.866666666666667,0.3299029126213592,0.43,2.520754716981132,35.0,39.0,26.5,20.333333333333332,27.316666666666666
2023-03-06,14.916666666666666,0.0,0.0,1.972,41.0,44.904761904761905,30.19047619047619,30.683333333333334,40.81666666666667
2023-03-07,13.383333333333333,0.0,0.0,1.5816326530612246,37.0,43.095238095238095,28.0,23.816666666666666,34.03333333333333
2023-03-08,13.233333333333334,0.00017094017094017094,0.0,1.442,36.0,42.76190476190476,26.952380952380953,21.0,28.683333333333334
2023-03-09,9.35,0.0,0.0,1.1958333333333333,40.0,47.476190476190474,29.761904761904763,17.183333333333334,23.766666666666666
2023-03-10,5.133333333333334,0.0,0.0,0.6021739130434782,39.0,49.476190476190474,24.904761904761905,13.549999999999999,17.21666666666667
2023-03-11,10.583333333333334,0.04382608695652174,0.0,0.37799999999999995,38.0,44.4,29.8,21.21666666666667,28.349999999999998
2023-03-12,7.866666666666667,0.02747826086956522,0.0,0.22291666666666668,36.0,40.6,29.65,16.883333333333336,22.599999999999998
2023-03-13,7.05,0.031875,0.0,0.15098039215686274,39.0,42.80952380952381,30.666666666666668,17.333333333333332,21.833333333333332
2023-03-14,18.55,1.6213675213675214,0.35384615384615387,0.2607843137254902,39.0,41.523809523809526,32.142857142857146,31.349999999999998,42.96666666666667
2023-03-15,18.033333333333335,1.3857894736842105,2.2506172839506173,1.9631578947368422,37.0,40.75,31.7,30.03333333333333,40.81666666666667
2023-03-16,10.483333333333333,0.0,0.0,0.9784313725490196,40.0,46.61904761904762,31.476190476190474,20.633333333333333,27.683333333333334
2023-03-17,6.816666666666666,0.0,0.0,0.3877551020408163,45.0,51.76190476190476,32.95,18.2,23.3
2023-03-18,8.233333333333333,0.0069642857142857145,0.0,0.060784313725490195,48.0,52.857142857142854,36.4,18.849999999999998,25.5
2023-03-19,15.616666666666667,8.849557522123894e-05,0.0,0.0,36.0,46.42857142857143,28.45,29.21666666666667,41.833333333333336
2023-03-20,10.666666666666666,0.0,0.0,0.0,38.0,47.142857142857146,25.157894736842106,22.416666666666668,29.21666666666667
2023-03-21,7.75,0.0,0.0,0.0,46.0,55.142857142857146,27.714285714285715,21.95,30.21666666666667
2023-03-22,7.466666666666668,0.0,0.0,0.0,46.0,56.57142857142857,31.571428571428573,15.733333333333334,20.633333333333333
2023-03-23,9.216666666666667,0.0003448275862068966,0.0,0.0,51.0,57.95238095238095,38.57142857142857,22.616666666666664,30.400000000000002
2023-03-24,9.533333333333333,0.006554621848739496,0.0,0.0,50.0,56.476190476190474,39.42857142857143,19.816666666666666,27.05
2023-03-25,9.799999999999999,0.012586206896551724,0.0,0.0,39.0,47.9,28.4,20.966666666666665,27.366666666666664
2023-03-26,11.833333333333334,0.13831932773109246,0.0,0.0,47.0,50.857142857142854,33.904761904761905,26.866666666666664,38.13333333333333
2023-03-27,5.066666666666666,0.01786324786324786,0.0,0.0,47.0,57.61904761904762,30.095238095238095,15.483333333333334,19.0
2023-03-28,4.3500000000000005,0.39790322580645165,0.0,0.0,41.0,53.19047619047619,31.761904761904763,13.4,17.7
2023-03-29,7.316666666666666,0.03198198198198198,0.0,0.0,40.0,48.523809523809526,26.523809523809526,17.516666666666666,22.650000000000002
2023-03-30,14.133333333333333,0.0023214285714285715,0.0,0.0,38.0,47.666666666666664,28.714285714285715,26.150000000000002,35.483333333333334
2023-03-31,7.783333333333334,0.016181818181818183,0.0,0.0,38.0,46.78947368421053,25.05263157894737,19.966666666666665,27.233333333333334
2023-04-01,6.55,0.2523214285714286,0.0,0.0,46.0,56.25,31.6,20.866666666666667,28.483333333333334
2023-04-02,14.066666666666668,0.3425688073394495,0.0,0.0,48.0,56.476190476190474,32.42857142857143,28.016666666666666,38.300000000000004
2023-04-03,10.25,0.0,0.0,0.0,41.0,50.19047619047619,24.714285714285715,26.183333333333334,35.03333333333333
2023-04-04,6.3,0.013391304347826087,0.0,0.0,48.0,58.23809523809524,34.142857142857146,15.216666666666667,20.0
2023-04-05,10.733333333333334,0.0009734513274336283,0.0,0.0,44.0,56.2,40.3,22.599999999999998,29.21666666666667
2023-04-06,4.6,0.019344262295081967,0.0,0.0,41.0,54.0,38.2,16.400000000000002,22.46666666666667
2023-04-07,14.233333333333334,0.005126050420168067,0.0,0.0,53.0,59.0,39.476190476190474,30.183333333333334,39.61666666666667
2023-04-08,8.200000000000001,0.00033057851239669424,0.0,0.0,42.0,55.04761904761905,29.61904761904762,19.633333333333333,25.683333333333334
2023-04-09,6.383333333333333,0.0,0.0,0.0,42.0,52.5,27.4,17.0,21.349999999999998
2023-04-10,5.866666666666666,0.0,0.0,0.0,47.0,59.15,29.5,15.183333333333332,18.849999999999998
2023-04-11,10.733333333333334,0.0,0.0,0.0,59.0,70.47619047619048,36.76190476190476,25.816666666666666,35.516666666666666
2023-04-12,11.799999999999999,0.0,0.0,0.0,67.0,74.19047619047619,48.57142857142857,29.166666666666668,40.85
2023-04-13,7.25,0.0,0.0,0.0,66.0,80.42857142857143,46.19047619047619,16.733333333333334,23.0
2023-04-14,7.866666666666667,0.0,0.0,0.0,73.0,87.9047619047619,52.0,19.183333333333334,23.150000000000002
2023-04-15,7.066666666666666,0.0005128205128205128,0.0,0.0,52.0,78.57142857142857,47.095238095238095,14.033333333333333,17.333333333333332
2023-04-16,6.75,0.03210084033613445,0.0,0.0,51.0,63.2,47.7,13.883333333333333,17.849999999999998
2023-04-17,6.516666666666667,0.02614035087719298,0.0,0.0,48.0,56.23809523809524,46.904761904761905,12.5,15.883333333333335
2023-04-18,10.333333333333334,0.08168067226890757,0.0,0.0,53.0,57.142857142857146,44.61904761904762,24.766666666666666,33.85
2023-04-19,11.9,0.001452991452991453,0.0,0.0,50.0,54.476190476190474,41.857142857142854,23.25,30.55
2023-04-20,7.716666666666666,0.0,0.0,0.0,48.0,57.38095238095238,38.76190476190476,17.516666666666666,22.933333333333334
2023-04-21,8.6,8.403361344537815e-05,0.0,0.0,48.0,60.476190476190474,39.38095238095238,16.849999999999998,20.483333333333334
2023-04-22,9.883333333333333,0.0077192982456140355,0.0,0.0,48.0,55.25,41.7,17.849999999999998,22.666666666666668
2023-04-23,10.016666666666667,0.4033333333333333,0.0,0.0,49.0,52.85,46.2,18.78333333333333,23.666666666666668
2023-04-24,6.2,0.8331496062992126,0.0,0.0,50.0,55.5,44.65,15.216666666666667,19.0
2023-04-25,5.8500000000000005,0.00819672131147541,0.0,0.0,50.0,59.526315789473685,43.473684210526315,14.733333333333334,19.033333333333335
2023-04-26,6.666666666666667,0.03515625,0.0,0.0,49.0,57.526315789473685,44.10526315789474,15.066666666666668,19.483333333333334
2023-04-27,5.3500000000000005,0.044047619047619044,0.0,0.0,50.0,57.26315789473684,41.1578947368421,15.700000000000001,20.0
2023-04-28,5.8500000000000005,0.092,0.0,0.0,51.0,60.10526315789474,38.10526315789474,14.916666666666666,19.333333333333332
2023-04-29,10.466666666666667,0.011000000000000001,0.0,0.0,50.0,58.8421052631579,43.1578947368421,19.816666666666666,27.03333333333333
2023-04-30,13.116666666666667,0.9020454545454545,0.0,0.0,50.0,56.05263157894737,46.421052631578945,24.633333333333336,34.0
2023-05-01,13.383333333333333,1.4879850746268655,0.0,0.0,57.0,61.95,40.1,29.016666666666666,39.31666666666667
2023-05-02,7.8,0.04890625,0.0,0.0,52.0,61.65,35.95,22.166666666666668,28.7
2023-05-03,7.483333333333333,0.30253846153846153,0.0,0.0,50.0,57.85,40.526315789473685,19.0,24.45
2023-05-04,8.700000000000001,0.08522727272727272,0.0,0.0,47.0,52.714285714285715,42.05,17.333333333333332,23.666666666666668
2023-05-05,5.55,0.05015625,0.0,0.0,49.0,55.19047619047619,43.05,13.4,18.683333333333334
2023-05-06,8.450000000000001,0.007967479674796748,0.0,0.0,61.0,66.95238095238095,41.15,17.55,24.683333333333334
2023-05-07,8.583333333333334,0.00033898305084745765,0.0,0.0,68.0,76.80952380952381,46.95,18.849999999999998,25.983333333333334
2023-05-08,9.483333333333333,0.032704918032786884,0.0,0.0,68.0,76.66666666666667,50.2,22.816666666666666,30.516666666666666
2023-05-09,6.733333333333333,0.0001639344262295082,0.0,0.0,55.0,68.19047619047619,40.42857142857143,16.883333333333336,22.3
2023-05-10,7.633333333333333,0.0,0.0,0.0,59.0,68.55,38.1,18.0,24.883333333333336
2023-05-11,6.366666666666666,0.00016528925619834712,0.0,0.0,69.0,77.2,45.5,22.5,30.933333333333334
2023-05-12,7.3500000000000005,0.003442622950819672,0.0,0.0,71.0,82.7,50.25,21.116666666666664,29.71666666666667
2023-05-13,8.883333333333333,0.0021666666666666666,0.0,0.0,73.0,82.05263157894737,54.36842105263158,20.483333333333334,27.71666666666667
2023-05-14,9.299999999999999,8.130081300813008e-05,0.0,0.0,61.0,73.8,45.15,19.849999999999998,26.46666666666667
2023-05-15,9.200000000000001,0.0,0.0,0.0,62.0,72.3,42.05,21.5,29.383333333333336
2023-05-16,12.75,0.013636363636363636,0.0,0.0,69.0,77.1,51.45,24.483333333333334,33.550000000000004
2023-05-17,13.666666666666666,0.0,0.0,0.0,58.0,71.5,44.25,25.78333333333333,34.4
2023-05-18,8.200000000000001,0.0,0.0,0.0,51.0,61.4,31.85,18.633333333333333,23.95
2023-05-19,11.716666666666667,0.0,0.0,0.0,57.0,67.52631578947368,39.10526315789474,22.3,29.71666666666667
2023-05-20,8.166666666666666,0.1503252032520325,0.0,0.0,59.0,68.25,46.55,17.533333333333335,25.28333333333333
2023-05-21,8.583333333333334,1.7654929577464789,0.0,0.0,67.0,70.7,54.55,18.183333333333334,23.650000000000002
2023-05-22,8.65,0.012016806722689075,0.0,0.0,60.0,69.0,48.75,21.416666666666668,28.666666666666668
2023-05-23,5.733333333333333,0.00016666666666666666,0.0,0.0,54.0,63.9,41.75,15.216666666666667,19.666666666666668
2023-05-24,7.816666666666666,0.01049586776859504,0.0,0.0,57.0,70.95,42.1,22.75,31.583333333333332
2023-05-25,8.883333333333333,0.11977941176470587,0.0,0.0,57.0,70.55,46.0,16.883333333333336,23.95
2023-05-26,7.033333333333334,0.0001639344262295082,0.0,0.0,57.0,67.95,42.0,18.183333333333334,24.28333333333333
2023-05-27,6.016666666666667,0.0,0.0,0.0,63.0,74.95,43.7,14.883333333333333,19.033333333333335
2023-05-28,8.283333333333333,0.0,0.0,0.0,72.0,83.94444444444444,50.833333333333336,17.55,22.96666666666667
2023-05-29,10.1,0.0,0.0,0.0,65.0,77.6,50.65,23.133333333333336,31.733333333333334
2023-05-30,6.116666666666667,0.0,0.0,0.0,56.0,69.0,41.1578947368421,14.883333333333333,19.033333333333335
2023-05-31,5.8500000000000005,0.0,0.0,0.0,60.0,75.35,44.5,12.916666666666666,17.0
2023-06-01,5.566666666666666,0.0,0.0,0.0,71.0,84.73684210526316,51.21052631578947,12.4,16.216666666666665
2023-06-02,6.666666666666667,0.03785714285714286,0.0,0.0,73.0,88.8,57.05,23.183333333333334,32.550000000000004
2023-06-03,12.866666666666667,0.4613669064748201,0.0,0.0,54.0,74.6,48.95,21.116666666666664,29.016666666666666
2023-06-04,10.6,0.09147286821705426,0.0,0.0,50.0,54.8,45.25,18.366666666666667,25.983333333333334
2023-06-05,6.583333333333333,0.1833846153846154,0.0,0.0,54.0,57.55,48.0,15.483333333333334,20.933333333333334
2023-06-06,7.733333333333333,0.09776,0.0,0.0,64.0,68.3,49.45,18.78333333333333,26.21666666666667
2023-06-07,8.700000000000001,0.024873949579831932,0.0,0.0,61.0,69.75,50.4,18.966666666666665,25.666666666666668
2023-06-08,3.6333333333333333,0.0023931623931623936,0.0,0.0,60.0,65.4,48.95,10.916666666666666,14.366666666666667
2023-06-09,3.25,0.06878048780487805,0.0,0.0,58.0,66.35,47.05,13.883333333333333,17.366666666666667
2023-06-10,3.266666666666666,0.31935483870967746,0.0,0.0,58.0,67.6,49.25,16.516666666666666,21.78333333333333
2023-06-11,5.2,0.20065040650406504,0.0,0.0,65.0,75.0,49.10526315789474,15.549999999999999,20.0
2023-06-12,8.233333333333333,0.020081967213114754,0.0,0.0,70.0,80.55,56.4,18.0,24.96666666666667
2023-06-13,7.833333333333333,0.2553435114503817,0.0,0.0,64.0,78.61904761904762,60.25,15.883333333333335,20.966666666666665
2023-06-14,6.3,0.04190476190476191,0.0,0.0,65.0,77.52380952380952,57.76190476190476,21.483333333333334,31.03333333333333
2023-06-15,6.616666666666666,0.3397794117647059,0.0,0.0,67.0,78.0,56.85,14.733333333333334,20.3
2023-06-16,5.666666666666667,0.004596774193548387,0.0,0.0,72.0,79.38095238095238,58.666666666666664,14.066666666666668,17.666666666666668
2023-06-17,5.133333333333334,0.15833333333333333,0.0,0.0,65.0,74.61904761904762,58.666666666666664,14.216666666666667,18.966666666666665
2023-06-18,5.55,1.0536134453781512,0.0,0.0,61.0,68.1,56.45,13.4,17.333333333333332
2023-06-19,5.783333333333334,0.022735042735042735,0.0,0.0,62.0,69.33333333333333,54.857142857142854,12.200000000000001,16.366666666666667
2023-06-20,5.716666666666666,0.0007377049180327869,0.0,0.0,61.0,69.71428571428571,51.857142857142854,14.366666666666667,18.183333333333334
2023-06-21,5.333333333333333,0.00504,0.0,0.0,62.0,70.57142857142857,51.0,13.25,18.333333333333332
2023-06-22,6.683333333333334,0.0003225806451612903,0.0,0.0,62.0,71.5,50.9,14.033333333333333,19.333333333333332
2023-06-23,4.916666666666667,0.0020325203252032522,0.0,0.0,65.0,75.33333333333333,56.76190476190476,12.216666666666667,15.366666666666667
2023-06-24,7.966666666666666,0.040901639344262296,0.0,0.0,72.0,79.6842105263158,63.473684210526315,17.400000000000002,23.316666666666666
2023-06-25,6.433333333333334,0.1941463414634146,0.0,0.0,76.0,82.4,67.65,14.033333333333333,19.0
2023-06-26,6.916666666666667,0.13974999999999999,0.0,0.0,74.0,83.61904761904762,66.38095238095238,16.066666666666666,20.333333333333332
2023-06-27,10.833333333333334,0.670514705882353,0.0,0.0,74.0,80.14285714285714,66.71428571428571,21.349999999999998,30.683333333333334
2023-06-28,7.45,0.2000751879699248,0.0,0.0,73.0,78.57142857142857,67.0952380952381,17.516666666666666,23.96666666666667
2023-06-29,5.533333333333334,0.532910447761194,0.0,0.0,72.0,80.19047619047619,65.19047619047619,13.4,16.7
2023-06-30,5.1499999999999995,0.00472,0.0,0.0,71.0,81.9047619047619,62.904761904761905,12.700000000000001,16.883333333333336
2023-07-01,4.95,8.403361344537815e-05,0.0,0.0,67.0,81.47619047619048,62.095238095238095,11.716666666666667,15.183333333333332
2023-07-02,5.883333333333333,0.10186440677966101,0.0,0.0,69.0,78.0,64.05,17.183333333333334,23.166666666666668
2023-07-03,5.366666666666667,1.2566666666666668,0.0,0.0,69.0,77.04761904761905,64.38095238095238,11.383333333333333,14.916666666666666
2023-07-04,3.466666666666667,0.31306451612903224,0.0,0.0,68.0,77.0,66.0952380952381,10.9,13.366666666666667
2023-07-05,4.5,0.2734920634920635,0.0,0.0,74.0,82.52380952380952,66.66666666666667,11.049999999999999,14.883333333333333
2023-07-06,5.75,0.0003252032520325203,0.0,0.0,78.0,89.95,68.7,14.4,19.183333333333334
2023-07-07,7.383333333333333,0.04058823529411765,0.0,0.0,78.0,89.65,69.0,15.033333333333333,19.333333333333332
2023-07-08,5.416666666666667,0.00016528925619834712,0.0,0.0,74.0,86.23809523809524,69.9047619047619,13.916666666666666,18.0
2023-07-09,6.2,0.006910569105691057,0.0,0.0,71.0,83.9,69.55,13.433333333333332,17.333333333333332
2023-07-10,6.933333333333334,0.1578225806451613,0.0,0.0,68.0,77.3,68.25,14.383333333333335,18.816666666666666
2023-07-11,7.650000000000001,0.9936363636363637,0.0,0.0,75.0,79.28571428571429,64.04761904761905,16.849999999999998,23.8
2023-07-12,5.266666666666667,0.0004838709677419355,0.0,0.0,81.0,88.14285714285714,66.33333333333333,14.066666666666668,18.333333333333332
2023-07-13,7.75,0.004758064516129032,0.0,0.0,80.0,89.52380952380952,67.19047619047619,23.75,32.166666666666664
2023-07-14,6.3999999999999995,0.36597014925373134,0.0,0.0,75.0,84.42857142857143,66.71428571428571,18.183333333333334,25.166666666666668
2023-07-15,8.04,0.2142741935483871,0.0,0.0,78.0,83.14285714285714,69.42857142857143,15.5,19.5
2023-07-16,10.059999999999999,0.35775,0.0,0.0,77.0,82.0,72.38095238095238,18.05,26.3
2023-07-17,6.383333333333333,1.6534108527131783,0.0,0.0,80.0,82.9047619047619,71.85714285714286,14.25,19.516666666666666
2023-07-18,6.933333333333334,0.007786885245901639,0.0,0.0,78.0,86.4,70.15,18.033333333333335,25.833333333333332
2023-07-19,5.716666666666666,0.07975409836065574,0.0,0.0,79.0,84.2,68.9,14.516666666666666,20.333333333333332
2023-07-20,4.983333333333333,0.010241935483870968,0.0,0.0,76.0,83.52631578947368,63.31578947368421,13.166666666666666,17.183333333333334
2023-07-21,6.066666666666666,0.09275590551181102,0.0,0.0,70.0,81.45,62.1,20.5,26.166666666666668
2023-07-22,3.8333333333333335,0.9905263157894737,0.0,0.0,70.0,80.15,63.2,11.383333333333333,15.516666666666666
2023-07-23,4.533333333333333,0.0014634146341463415,0.0,0.0,76.0,83.65,62.5,13.066666666666668,18.333333333333332
2023-07-24,6.033333333333334,0.0,0.0,0.0,77.0,85.65,62.55,14.733333333333334,20.116666666666664
2023-07-25,6.733333333333333,0.047384615384615386,0.0,0.0,75.0,85.95,64.15,17.566666666666666,23.849999999999998
2023-07-26,7.683333333333334,0.4836296296296297,0.0,0.0,76.0,86.6,64.2,16.333333333333332,21.5
2023-07-27,11.4,0.016046511627906976,0.0,0.0,79.0,88.5,67.55,28.46666666666667,38.36666666666667
2023-07-28,6.766666666666667,0.17625,0.0,0.0,79.0,89.15,70.15,14.4,19.666666666666668
2023-07-29,6.683333333333334,0.1311111111111111,0.0,0.0,79.0,88.6842105263158,68.26315789473684,22.266666666666666,32.06666666666667
2023-07-30,6.883333333333333,1.314848484848485,0.0,0.0,69.0,82.10526315789474,57.63157894736842,15.033333333333333,21.483333333333334
2023-07-31,5.733333333333333,0.002926829268292683,0.0,0.0,73.0,79.25,55.75,17.533333333333335,24.03333333333333
2023-08-01,6.3500000000000005,0.014516129032258065,0.0,0.0,71.0,78.38095238095238,57.23809523809524,14.766666666666667,20.816666666666666
2023-08-02,5.416666666666667,8.19672131147541e-05,0.0,0.0,67.0,75.85714285714286,52.666666666666664,13.4,18.55
2023-08-03,9.033333333333333,0.0016129032258064516,0.0,0.0,70.0,78.0952380952381,55.23809523809524,19.183333333333334,26.316666666666666
2023-08-04,9.583333333333334,0.017258064516129032,0.0,0.0,71.0,80.0,60.80952380952381,18.21666666666667,24.516666666666666
2023-08-05,4.783333333333333,0.007723577235772357,0.0,0.0,72.0,80.35,63.45,11.733333333333334,16.066666666666666
2023-08-06,4.766666666666667,0.0001724137931034483,0.0,0.0,74.0,82.61904761904762,56.76190476190476,13.216666666666667,17.633333333333333
2023-08-07,6.75,0.005123966942148761,0.0,0.0,71.0,78.95238095238095,59.333333333333336,17.033333333333335,22.5
2023-08-08,9.25,0.549453125,0.0,0.0,72.0,78.9047619047619,65.52380952380952,21.316666666666666,29.316666666666666
2023-08-09,11.9,1.57664,0.0,0.0,77.0,82.42857142857143,67.38095238095238,23.95,33.0
2023-08-10,8.416666666666666,0.02316239316239316,0.0,0.0,77.0,82.95238095238095,62.38095238095238,16.883333333333336,23.583333333333332
2023-08-11,9.833333333333334,0.5305599999999999,0.0,0.0,74.0,82.23809523809524,62.42857142857143,21.0,29.516666666666666
2023-08-12,5.966666666666666,0.0005357142857142857,0.0,0.0,73.0,82.6,56.7,15.700000000000001,20.633333333333333
2023-08-13,8.883333333333333,0.04761061946902655,0.0,0.0,77.0,84.57142857142857,64.19047619047619,18.416666666666668,25.683333333333334
2023-08-14,6.7,0.09365217391304348,0.0,0.0,77.0,84.7,63.25,16.216666666666665,22.516666666666666
2023-08-15,6.216666666666666,0.36198412698412696,0.0,0.0,71.0,78.65,64.75,14.366666666666667,19.2
2023-08-16,4.85,0.37414634146341463,0.0,0.0,68.0,70.2,64.85,11.200000000000001,14.916666666666666
2023-08-17,4.45,0.009137931034482759,0.0,0.0,67.0,72.25,62.9,11.0,14.366666666666667
2023-08-18,7.183333333333334,0.23706896551724138,0.0,0.0,70.0,76.65,64.3,23.8,31.383333333333336
2023-08-19,8.866666666666667,1.291271186440678,0.0,0.0,69.0,76.8,57.15,18.21666666666667,25.683333333333334
2023-08-20,8.316666666666666,0.0009565217391304348,0.0,0.0,73.0,77.9,58.55,15.550000000000002,21.2
2023-08-21,5.816666666666666,0.03504132231404959,0.0,0.0,77.0,83.35,61.0,15.883333333333333,21.383333333333336
2023-08-22,7.6499999999999995,0.3075968992248062,0.0,0.0,70.0,80.9047619047619,59.666666666666664,16.516666666666666,22.96666666666667
2023-08-23,4.566666666666667,0.000819672131147541,0.0,0.0,68.0,77.14285714285714,53.95238095238095,11.733333333333334,16.55
2023-08-24,6.833333333333333,0.004959349593495935,0.0,0.0,68.0,77.85714285714286,53.666666666666664,15.700000000000001,20.78333333333333
2023-08-25,11.016666666666666,0.8866917293233082,0.0,0.0,67.0,74.66666666666667,57.61904761904762,18.366666666666667,27.383333333333336
2023-08-26,5.716666666666668,0.7210000000000001,0.0,0.0,75.0,78.3157894736842,65.3157894736842,13.700000000000001,19.333333333333332
2023-08-27,6.016666666666667,0.007967479674796748,0.0,0.0,70.0,79.28571428571429,62.857142857142854,13.25,17.816666666666666
2023-08-28,4.616666666666666,0.013170731707317074,0.0,0.0,66.0,75.23809523809524,59.857142857142854,12.533333333333333,17.183333333333334
2023-08-29,4.433333333333334,0.011416666666666665,0.0,0.0,67.0,76.52380952380952,60.857142857142854,11.883333333333333,15.366666666666667
2023-08-30,6.0,0.4297709923664122,0.0,0.0,71.0,78.71428571428571,63.42857142857143,17.516666666666666,24.183333333333334
2023-08-31,8.416666666666666,0.18696000000000002,0.0,0.0,68.0,76.61904761904762,58.0,18.45,26.166666666666668
2023-09-01,4.8999999999999995,0.00056,0.0,0.0,64.0,73.61904761904762,50.38095238095238,12.866666666666667,16.883333333333336
2023-09-02,8.233333333333333,0.00023809523809523812,0.0,0.0,68.0,76.55,51.75,16.7,23.483333333333334
2023-09-03,5.316666666666666,0.004796747967479674,0.0,0.0,72.0,82.0952380952381,57.76190476190476,13.883333333333333,18.183333333333334
2023-09-04,3.0500000000000003,0.0,0.0,0.0,73.0,85.45,62.2,10.916666666666666,13.733333333333334
2023-09-05,4.166666666666667,0.0,0.0,0.0,74.0,86.9047619047619,63.95238095238095,11.733333333333334,15.033333333333333
2023-09-06,4.616666666666666,0.0,0.0,0.0,78.0,88.04761904761905,67.85714285714286,11.516666666666666,14.700000000000001
2023-09-07,4.966666666666667,0.0,0.0,0.0,82.0,90.75,69.65,13.033333333333333,16.883333333333336
2023-09-08,5.933333333333334,0.015238095238095238,0.0,0.0,79.0,89.6,69.05,28.166666666666668,41.68333333333333
2023-09-09,4.366666666666667,0.2280597014925373,0.0,0.0,77.0,86.63157894736842,68.84210526315789,17.48333333333333,24.0
2023-09-10,3.766666666666667,0.3606106870229008,0.0,0.0,71.0,81.57894736842105,67.21052631578948,11.0,15.033333333333333
2023-09-11,3.85,0.7047727272727273,0.0,0.0,69.0,76.75,67.05,10.366666666666667,13.733333333333334
2023-09-12,3.466666666666667,0.7928985507246377,0.0,0.0,71.0,78.2,66.45,10.466666666666667,14.033333333333333
2023-09-13,4.983333333333333,0.06410852713178294,0.0,0.0,71.0,78.35,65.25,15.866666666666667,21.166666666666668
2023-09-14,6.6000000000000005,0.7005,0.0,0.0,71.0,76.9,60.65,14.516666666666666,19.516666666666666
2023-09-15,11.549999999999999,0.0009448818897637795,0.0,0.0,65.0,72.55,54.15,21.0,29.150000000000002
2023-09-16,14.799999999999999,0.11198412698412698,0.0,0.0,65.0,69.8,55.6,28.150000000000002,40.333333333333336
2023-09-17,8.033333333333333,0.038387096774193545,0.0,0.0,68.0,74.21052631578948,52.36842105263158,15.700000000000001,20.966666666666665
2023-09-18,5.966666666666666,0.25950413223140495,0.0,0.0,66.0,71.25,57.45,18.48333333333333,26.183333333333334
2023-09-19,12.540000000000001,1.9631818181818181,0.0,0.0,67.0,69.94736842105263,57.73684210526316,23.16,31.46
2023-09-20,6.366666666666667,0.0024615384615384616,0.0,0.0,66.0,73.3,53.3,13.700000000000001,19.7
2023-09-21,3.5833333333333335,0.00039370078740157485,0.0,0.0,64.0,73.7,50.0,10.666666666666666,14.033333333333333
2023-09-22,5.533333333333334,0.0003968253968253968,0.0,0.0,63.0,71.0,49.85,14.516666666666666,19.033333333333335
2023-09-23,8.533333333333333,0.014919354838709676,0.0,0.0,60.0,65.3157894736842,50.73684210526316,15.516666666666666,21.8
2023-09-24,10.9,0.21412698412698414,0.0,0.0,61.0,61.73684210526316,55.78947368421053,17.516666666666666,23.28333333333333
2023-09-25,12.283333333333333,0.36976,0.0,0.0,60.0,61.85,56.55,21.8,29.833333333333332
2023-09-26,9.833333333333334,0.16125984251968503,0.0,0.0,58.0,60.75,49.8,19.7,28.8
2023-09-27,5.033333333333333,0.006,0.0,0.0,56.0,63.0,42.55,12.883333333333333,17.033333333333335
2023-09-28,4.5,0.0006106870229007634,0.0,0.0,58.0,66.35,44.35,12.049999999999999,15.366666666666667
2023-09-29,5.366666666666667,0.03790697674418604,0.0,0.0,58.0,63.8,46.7,12.866666666666667,18.5
2023-09-30,6.366666666666667,0.8131782945736434,0.0,0.0,59.0,60.8,52.95,13.216666666666667,17.666666666666668
2023-10-01,4.216666666666667,0.01788135593220339,0.0,0.0,60.0,65.45,49.5,12.016666666666666,14.85
2023-10-02,6.659999999999999,0.0006557377049180328,0.0,0.0,64.0,70.35,50.55,15.916666666666666,20.483333333333334
2023-10-03,4.840000000000001,0.00023809523809523812,0.0,0.0,66.0,75.0,46.9,11.383333333333333,14.350000000000001
2023-10-04,3.4799999999999995,7.936507936507937e-05,0.0,0.0,70.0,81.7,51.7,9.566666666666666,11.716666666666667
2023-10-05,5.2,0.0019199999999999998,0.0,0.0,66.0,80.05263157894737,56.26315789473684,13.700000000000001,16.816666666666666
2023-10-06,6.4,0.00047244094488188977,0.0,0.0,65.0,74.65,59.2,12.183333333333335,15.833333333333334
2023-10-07,8.36,0.028536585365853656,0.0,0.0,65.0,71.15789473684211,60.473684210526315,17.183333333333334,23.483333333333334
2023-10-08,11.76,0.18614173228346456,0.0,0.0,59.0,66.75,49.2,20.3,28.516666666666666
2023-10-09,7.359999999999999,0.0005042016806722689,0.0,0.0,55.0,64.05,42.8,13.866666666666667,17.849999999999998
2023-10-10,4.62,0.0010655737704918034,0.0,0.0,56.0,63.05263157894737,42.3,13.583333333333334,19.866666666666667
2023-10-11,5.083333333333333,0.016614173228346456,0.0,0.0,58.0,65.84210526315789,43.8,14.700000000000001,20.0
2023-10-12,3.6333333333333333,0.000625,0.0,0.0,60.0,68.55,45.666666666666664,11.883333333333333,16.400000000000002
2023-10-13,9.266666666666667,0.00031496062992125983,0.0,0.0,56.0,66.23809523809524,42.857142857142854,21.483333333333334,29.71666666666667
2023-10-14,5.3500000000000005,0.0,0.0,0.0,55.0,61.65,43.0,13.766666666666667,19.833333333333332
2023-10-15,8.116666666666667,0.0005555555555555556,0.0,0.0,55.0,60.75,45.5,16.666666666666668,22.8
2023-10-16,5.6000000000000005,0.059923076923076926,0.0,0.0,53.0,59.42857142857143,45.666666666666664,12.700000000000001,16.733333333333334
2023-10-17,3.6166666666666667,0.085,0.0,0.0,53.0,60.095238095238095,44.904761904761905,9.65,13.4
2023-10-18,2.5500000000000003,0.012045454545454547,0.0,0.0,55.0,61.523809523809526,46.04761904761905,8.483333333333333,10.799999999999999
2023-10-19,7.3999999999999995,0.007007874015748031,0.0,0.0,58.0,64.14285714285714,48.523809523809526,17.516666666666666,23.516666666666666
2023-10-20,6.666666666666667,0.004263565891472868,0.0,0.0,56.0,65.61904761904762,46.285714285714285,13.883333333333333,18.683333333333334
2023-10-21,9.700000000000001,0.15552000000000002,0.0,0.0,59.0,62.80952380952381,50.61904761904762,22.666666666666668,31.016666666666666
2023-10-22,12.683333333333332,1.103587786259542,0.0,0.0,55.0,58.80952380952381,48.0,23.0,30.55
2023-10-23,7.516666666666667,0.004552845528455285,0.0,0.0,53.0,59.57142857142857,43.5,15.433333333333335,20.966666666666665
2023-10-24,5.3999999999999995,0.00128,0.0,0.0,53.0,61.38095238095238,38.55,13.549999999999999,17.683333333333334
2023-10-25,7.833333333333333,0.0006722689075630252,0.0,0.0,60.0,67.80952380952381,44.8,14.549999999999999,19.0
2023-10-26,3.483333333333334,0.00024390243902439024,0.0,0.0,67.0,76.9047619047619,52.04761904761905,12.25,16.150000000000002
2023-10-27,5.083333333333333,0.0005785123966942149,0.0,0.0,68.0,78.52380952380952,54.476190476190474,13.4,18.21666666666667
2023-10-28,8.733333333333334,8.064516129032258e-05,0.0,0.0,70.0,79.2,54.05,19.633333333333333,26.900000000000002
2023-10-29,6.416666666666667,0.024920634920634923,0.0,0.0,56.0,71.61904761904762,47.714285714285715,14.549999999999999,19.349999999999998
2023-10-30,6.8500000000000005,0.561875,0.0,0.0,50.0,53.714285714285715,45.095238095238095,16.583333333333332,22.71666666666667
2023-10-31,5.55,0.36546875,0.0,0.0,45.0,51.23809523809524,35.285714285714285,14.85,20.55
2023-11-01,7.25,0.005234375,0.0,0.0,43.0,48.142857142857146,33.04761904761905,15.549999999999999,20.516666666666666
2023-11-02,5.483333333333333,0.017007874015748034,0.0,0.0,40.0,45.76190476190476,29.19047619047619,13.583333333333334,18.816666666666666
2023-11-03,9.833333333333334,0.00023437500000000002,0.0,0.0,45.0,51.0,29.0,20.650000000000002,27.516666666666666
2023-11-04,5.566666666666666,0.0,0.0,0.0,51.0,58.95,39.526315789473685,16.166666666666668,20.849999999999998
2023-11-05,4.183333333333334,0.00272,0.0,0.0,54.0,60.19047619047619,40.61904761904762,13.066666666666668,17.849999999999998
2023-11-06,5.966666666666666,0.00032,0.0,0.0,47.0,55.523809523809526,39.04761904761905,13.200000000000001,18.383333333333336
2023-11-07,11.65,0.06815384615384615,0.0,0.0,55.0,60.0,42.42857142857143,23.46666666666667,32.733333333333334
2023-11-08,12.65,0.02614173228346457,0.0,0.0,46.0,59.333333333333336,36.19047619047619,23.266666666666666,32.18333333333333
2023-11-09,4.25,0.04484126984126984,0.0,0.0,40.0,44.38095238095238,34.19047619047619,10.183333333333334,13.85
2023-11-10,7.516666666666667,0.10472868217054264,0.0,0.0,44.0,46.666666666666664,33.05,15.216666666666669,20.2
2023-11-11,8.233333333333333,0.0008870967741935484,0.0,0.0,45.0,49.25,31.789473684210527,18.0,24.96666666666667
2023-11-12,5.05,0.00033057851239669424,0.0,0.0,36.0,45.55,25.8,11.766666666666666,15.85
2023-11-13,3.8333333333333335,0.00016,0.0,0.0,35.0,44.0,22.095238095238095,12.866666666666667,16.333333333333332
2023-11-14,5.8,0.00256,0.000980392156862745,0.0,41.0,46.57142857142857,27.333333333333332,17.0,24.816666666666666
2023-11-15,6.316666666666666,0.00023622047244094488,0.0,0.0,41.0,48.95238095238095,26.61904761904762,16.183333333333334,21.883333333333336
2023-11-16,5.133333333333334,0.00048780487804878054,0.0,0.0,51.0,55.19047619047619,31.666666666666668,13.866666666666667,18.566666666666666
2023-11-17,9.383333333333333,0.00024793388429752067,0.0,0.0,52.0,63.1,33.8421052631579,26.03333333333333,34.4
2023-11-18,9.333333333333334,0.04816,0.0,0.0,53.0,61.15,36.1578947368421,21.683333333333334,30.71666666666667
2023-11-19,9.083333333333334,0.08198347107438017,0.0,0.0,42.0,54.42857142857143,26.95,21.45,29.849999999999998
2023-11-20,8.466666666666667,0.0004918032786885246,0.0,0.0,38.0,46.2,26.75,19.483333333333334,25.3
2023-11-21,6.033333333333334,0.002440944881889764,0.0,0.0,34.0,41.04761904761905,19.95,15.883333333333333,22.316666666666666
2023-11-22,11.15,0.7390476190476191,0.0847457627118644,0.044230769230769226,45.0,48.523809523809526,29.35,22.366666666666664,30.5
2023-11-23,9.35,0.5666666666666667,0.008771929824561403,0.0,45.0,52.15,35.421052631578945,21.599999999999998,28.516666666666666
2023-11-24,10.049999999999999,0.0002631578947368421,0.0,0.0,45.0,49.75,31.157894736842106,19.933333333333334,27.166666666666668
2023-11-25,5.3999999999999995,8.547008547008547e-05,0.0,0.0,32.0,42.75,21.105263157894736,14.883333333333333,19.933333333333334
2023-11-26,7.166666666666667,0.0028813559322033895,0.0,0.0,36.0,42.26315789473684,21.57894736842105,17.483333333333334,23.0
2023-11-27,12.083333333333334,0.41946564885496185,0.0,0.0,48.0,53.285714285714285,28.952380952380953,25.650000000000002,36.71666666666667
2023-11-28,13.016666666666667,0.001015625,0.0,0.0,38.0,46.38095238095238,31.142857142857142,24.150000000000002,32.85
2023-11-29,8.6,0.0,0.0,0.0,32.0,39.0,24.571428571428573,19.633333333333333,25.833333333333332
2023-11-30,8.566666666666666,0.0,0.0,0.0,36.0,41.7,23.5,17.366666666666667,23.433333333333334
2023-12-01,8.049999999999999,0.00592,0.0,0.0,46.0,49.38095238095238,32.3,16.366666666666667,21.833333333333332
2023-12-02,4.25,0.07269230769230768,0.0,0.0,48.0,51.35,39.31578947368421,11.666666666666666,14.700000000000001
2023-12-03,9.316666666666668,0.08943548387096774,0.0,0.0,45.0,47.75,38.45,17.849999999999998,24.816666666666666
2023-12-04,4.616666666666666,0.7807999999999999,0.0,0.0,44.0,48.1,37.65,12.883333333333333,17.666666666666668
2023-12-05,6.716666666666666,0.014444444444444446,0.0,0.0,39.0,45.095238095238095,31.142857142857142,15.066666666666668,20.3
2023-12-06,7.333333333333333,0.017398373983739838,0.154,0.19649122807017544,32.0,37.05,25.894736842105264,13.25,18.333333333333332
2023-12-07,5.216666666666667,0.0067741935483870966,0.05612244897959184,0.16862745098039214,27.0,32.666666666666664,17.2,12.216666666666667,16.849999999999998
2023-12-08,2.983333333333334,0.0,0.0,0.1409090909090909,34.0,36.95238095238095,18.85,10.200000000000001,12.816666666666665
2023-12-09,4.716666666666667,0.0,0.0,0.05555555555555555,42.0,48.1578947368421,26.666666666666668,13.25,17.816666666666666
2023-12-10,10.666666666666666,0.06103174603174603,0.0,0.0,50.0,57.3,36.75,24.78333333333333,35.483333333333334
2023-12-11,13.683333333333332,2.472589928057554,0.0,0.0,51.0,62.523809523809526,40.0,30.183333333333334,42.73333333333333
2023-12-12,9.549999999999999,0.16618320610687023,0.0,0.0,38.0,44.476190476190474,28.35,18.483333333333334,26.166666666666668
2023-12-13,11.1,0.0002380952380952381,0.0,0.0,39.0,43.857142857142854,29.15,22.133333333333336,32.03333333333333
2023-12-14,9.216666666666667,0.00046875000000000004,0.0016666666666666668,0.0020408163265306124,33.0,40.142857142857146,25.15,17.183333333333334,25.0
2023-12-15,8.433333333333334,0.0,0.0,0.0,40.0,45.142857142857146,27.3,16.183333333333334,22.983333333333334
2023-12-16,5.933333333333334,8.064516129032258e-05,0.0,0.0,47.0,52.23809523809524,30.2,15.066666666666668,18.816666666666666
2023-12-17,7.516666666666667,0.051250000000000004,0.0,0.0,44.0,52.80952380952381,31.38095238095238,18.183333333333334,25.53333333333333
2023-12-18,19.650000000000002,1.5254135338345864,0.0,0.0,56.0,59.61904761904762,39.19047619047619,42.65,63.333333333333336
2023-12-19,8.933333333333334,1.6208396946564885,0.0,0.0,45.0,54.95,35.8421052631579,16.366666666666667,22.95
2023-12-20,8.98,0.0011475409836065576,0.0,0.0,37.0,45.95238095238095,28.55,16.183333333333334,21.650000000000002
2023-12-21,11.0,8e-05,0.0,0.0,34.0,39.80952380952381,25.45,18.483333333333334,25.683333333333334
2023-12-22,3.88,0.0,0.0,0.0,27.0,35.42857142857143,17.85,10.700000000000001,14.016666666666666
2023-12-23,4.16,0.0,0.0,0.0,33.0,38.8,17.63157894736842,10.35,13.533333333333333
2023-12-24,2.02,0.0030578512396694213,0.0,0.0,41.0,44.19047619047619,27.35,6.616666666666667,8.450000000000001
2023-12-25,3.3200000000000003,0.034508196721311474,0.0,0.0,45.0,49.714285714285715,36.35,9.8,12.64
2023-12-26,3.4,0.007043478260869565,0.0,0.0,40.0,51.10526315789474,33.833333333333336,9.216666666666667,10.850000000000001
2023-12-27,3.9799999999999995,0.01694915254237288,0.0,0.0,44.0,51.3,36.94736842105263,9.166666666666666,11.533333333333333
2023-12-28,12.48,0.32451612903225807,0.0,0.0,45.0,48.76190476190476,40.7,21.8,29.916666666666668
2023-12-29,4.279999999999999,0.5019685039370079,0.0,0.0,42.0,45.19047619047619,39.45,9.700000000000001,13.716666666666669
2023-12-30,7.68,0.051623931623931626,0.0,0.0,44.0,45.26315789473684,37.05882352941177,16.7,21.8
2023-12-31,6.220000000000001,0.061239669421487605,0.0,0.0,37.0,41.4,31.25,12.883333333333333,17.516666666666666
2024-01-01,4.12,0.0015748031496062994,0.0,0.0,34.0,38.57142857142857,27.15,10.0,12.533333333333333
2024-01-02,4.66,0.0,0.0,0.0,31.0,38.76190476190476,18.80952380952381,10.183333333333334,12.5
2024-01-03,4.42,0.0,0.0,0.0,36.0,41.666666666666664,21.3,10.866666666666667,13.65
2024-01-04,10.16,7.751937984496124e-05,0.0,0.0,39.0,43.23809523809524,24.5,22.133333333333336,33.18333333333333
2024-01-05,11.72,0.0,0.0,0.0,27.0,38.333333333333336,18.65,21.983333333333334,32.21666666666667
2024-01-06,7.159999999999999,0.006719999999999999,0.019834710743801654,0.041176470588235294,33.0,35.1,22.42105263157895,20.3,27.3
2024-01-07,14.459999999999999,0.673361344537815,4.224242424242424,4.038571428571428,33.0,35.285714285714285,24.9,21.8,31.116666666666664
2024-01-08,6.9,0.4697413793103448,4.211827956989247,7.5487179487179485,29.0,33.95238095238095,20.952380952380953,16.7,23.150000000000002
2024-01-09,9.22,0.05814516129032258,0.08717948717948719,6.142372881355932,32.0,37.42857142857143,15.5,26.03333333333333,36.5
2024-01-10,16.78,2.661439393939394,0.14328358208955225,1.43,48.0,52.6,29.68421052631579,32.983333333333334,49.800000000000004
2024-01-11,10.9,0.026825396825396825,0.0,0.3793103448275862,43.0,49.095238095238095,35.55,22.133333333333336,31.849999999999998
2024-01-12,7.9799999999999995,0.0,0.0,0.2509433962264151,41.0,46.04761904761905,29.85,16.28333333333333,21.166666666666668
2024-01-13,17.759999999999998,1.057906976744186,0.0,0.0,47.0,53.6,35.333333333333336,30.2,43.666666666666664
2024-01-14,17.36,0.26864406779661015,0.020967741935483872,0.022222222222222223,38.0,50.19047619047619,28.4,30.349999999999998,41.96666666666667
2024-01-15,7.1,0.011794871794871795,0.12808988764044943,0.12241379310344827,28.0,38.0,19.428571428571427,16.333333333333332,22.849999999999998
2024-01-16,8.72,0.1244954128440367,1.4319148936170212,1.4661538461538461,29.0,32.666666666666664,21.285714285714285,22.133333333333336,30.683333333333334
2024-01-17,11.78,0.3995454545454546,1.8106060606060606,2.460655737704918,24.0,29.238095238095237,15.8,20.0,27.900000000000002
2024-01-18,9.98,0.0,0.0,2.0568627450980395,22.0,27.476190476190474,14.476190476190476,16.033333333333335,23.183333333333334
2024-01-19,7.88,0.0,0.0,1.9437499999999999,26.0,28.333333333333332,16.19047619047619,17.666666666666668,24.866666666666664
2024-01-20,12.72,0.0007826086956521738,0.011650485436893204,1.768,18.0,24.4,11.68421052631579,19.150000000000002,27.333333333333332
2024-01-21,13.080000000000002,0.015491803278688526,0.20543478260869563,1.832142857142857,18.0,23.19047619047619,12.142857142857142,21.016666666666666,29.016666666666666
2024-01-22,9.7,0.00033057851239669424,0.0,1.8041666666666665,26.0,32.095238095238095,12.619047619047619,17.849999999999998,23.349999999999998
2024-01-23,6.92,0.0023140495867768596,0.005263157894736842,1.5021739130434781,37.0,38.76190476190476,22.80952380952381,15.700000000000001,21.2
2024-01-24,3.6,0.1588034188034188,0.9744186046511628,2.23859649122807,35.0,38.904761904761905,30.714285714285715,9.333333333333334,12.816666666666665
2024-01-25,6.166666666666667,0.5233333333333333,0.0016666666666666668,0.5153846153846154,44.0,47.476190476190474,33.3,14.350000000000001,20.383333333333333
2024-01-26,7.116666666666667,0.4133613445378151,0.0,0.07962962962962962,39.0,45.80952380952381,35.55,13.4,17.666666666666668
2024-01-27,4.3999999999999995,0.283448275862069,0.0,0.027777777777777776,37.0,40.3,33.78947368421053,11.200000000000001,15.216666666666667
2024-01-28,7.483333333333333,0.07316239316239316,0.07837837837837838,0.027999999999999997,36.0,37.89473684210526,32.78947368421053,18.033333333333335,26.849999999999998
2024-01-29,12.233333333333334,0.6335,1.4682926829268292,1.401639344262295,34.0,36.8,31.3,23.016666666666666,33.18333333333333
2024-01-30,7.75,0.02141666666666667,0.10722891566265061,1.1830188679245284,30.0,34.23809523809524,25.904761904761905,17.366666666666667,24.150000000000002
2024-01-31,4.6000000000000005,0.0012605042016806721,0.0019801980198019802,0.9807017543859649,29.0,31.238095238095237,24.0,9.85,13.366666666666667
2024-02-01,5.966666666666666,0.00024193548387096774,0.0,0.8245283018867925,37.0,37.476190476190474,26.761904761904763,14.883333333333333,19.683333333333334
2024-02-02,5.616666666666667,0.0012096774193548388,0.0,0.41509433962264153,40.0,41.19047619047619,32.2,15.4,23.133333333333336
2024-02-03,9.766666666666667,0.0108130081300813,0.0,0.16727272727272727,35.0,39.6,28.0,17.21666666666667,24.95
2024-02-04,8.833333333333334,0.00033057851239669424,0.0,0.10961538461538461,32.0,39.1578947368421,20.68421052631579,15.733333333333334,22.650000000000002
2024-02-05,9.5,0.0,0.0,0.08775510204081632,33.0,40.8,23.0,18.183333333333334,26.0
2024-02-06,7.516666666666667,8.064516129032258e-05,0.0,0.05961538461538462,33.0,39.333333333333336,25.523809523809526,16.21666666666667,23.416666666666668
2024-02-07,5.133333333333334,0.00024193548387096774,0.002542372881355932,0.049019607843137254,33.0,39.57142857142857,24.952380952380953,13.066666666666668,18.516666666666666
2024-02-08,2.8166666666666664,0.0,0.0,0.03076923076923077,35.0,43.61904761904762,22.904761904761905,10.516666666666667,14.4
2024-02-09,7.116666666666667,0.0,0.0,0.011111111111111112,36.0,47.3,25.263157894736842,16.516666666666666,22.683333333333334
2024-02-10,6.966666666666666,0.0016666666666666668,0.0,0.0,45.0,53.5,30.736842105263158,19.349999999999998,29.483333333333334
2024-02-11,9.033333333333333,0.02388429752066116,0.0,0.0,47.0,53.57142857142857,32.65,19.483333333333334,26.849999999999998
2024-02-12,4.933333333333334,0.0,0.0,0.0,40.0,48.476190476190474,26.095238095238095,12.883333333333333,18.183333333333334
2024-02-13,9.666666666666666,0.0505,0.19534883720930232,0.05862068965517241,36.0,42.76190476190476,27.761904761904763,24.78333333333333,37.53333333333333
2024-02-14,16.733333333333334,0.2728455284552846,1.2654761904761904,1.15,32.0,33.85,24.65,29.333333333333332,44.833333333333336
2024-02-15,10.483333333333333,0.001391304347826087,0.013636363636363636,0.9037735849056604,30.0,35.31578947368421,22.25,23.133333333333336,33.63333333333333
2024-02-16,13.283333333333333,0.04008547008547009,0.5426966292134832,1.275438596491228,34.0,38.19047619047619,24.5,30.733333333333334,45.51666666666667
2024-02-17,7.216666666666668,0.0005833333333333334,0.0019417475728155341,0.5720000000000001,31.0,36.5,24.42105263157895,20.05,30.53333333333333
2024-02-18,10.466666666666667,0.0015254237288135596,0.030851063829787233,0.5490196078431373,29.0,35.9,17.842105263157894,22.816666666666666,31.8
2024-02-19,9.066666666666666,8.547008547008547e-05,0.0,0.526,33.0,36.73684210526316,21.526315789473685,19.816666666666666,26.7
2024-02-20,5.116666666666666,0.0,0.0,0.39183673469387753,28.0,36.904761904761905,17.476190476190474,13.066666666666668,18.516666666666666
2024-02-21,4.6000000000000005,0.0,0.0,0.30416666666666664,30.0,38.42857142857143,16.523809523809526,14.733333333333334,20.516666666666666
2024-02-22,6.133333333333333,0.0009322033898305085,0.0,0.242,32.0,41.523809523809526,18.666666666666668,14.883333333333333,22.3
2024-02-23,3.466666666666667,0.08635593220338983,0.0,0.09615384615384616,38.0,42.42857142857143,28.7,10.783333333333333,14.833333333333334
2024-02-24,10.983333333333334,0.03258333333333333,0.0,0.018518518518518517,38.0,40.76190476190476,27.35,20.666666666666668,29.349999999999998
2024-02-25,6.733333333333333,0.0,0.0,0.0,24.0,38.4,14.25,15.033333333333333,20.183333333333334
2024-02-26,10.580000000000002,8.771929824561404e-05,0.0,0.0,39.0,46.05555555555556,19.333333333333332,21.78,29.46
2024-02-27,7.12,0.008782608695652174,0.0,0.0,40.0,56.611111111111114,27.333333333333332,20.18,28.82
2024-02-28,18.21666666666667,0.2810084033613445,0.0,0.0,53.0,58.0,37.05555555555556,37.65,53.68333333333334
2024-02-29,18.566666666666666,0.2409243697478992,0.0196969696969697,0.0,36.0,49.78947368421053,24.68421052631579,35.199999999999996,54.51666666666667
2024-03-01,9.316666666666666,0.0005084745762711864,0.0,0.0,30.0,38.75,17.94736842105263,19.516666666666666,28.400000000000002
2024-03-02,7.8,0.09206611570247934,0.0,0.0,38.0,46.421052631578945,28.11111111111111,17.233333333333334,26.016666666666666
2024-03-03,7.166666666666667,1.3155905511811024,0.0,0.0,48.0,53.1,39.0,17.55,25.5
2024-03-04,7.866666666666667,0.0019672131147540984,0.0,0.0,46.0,54.6,37.8,15.516666666666666,21.599999999999998
2024-03-05,6.333333333333333,0.036796875,0.0,0.0,40.0,46.95238095238095,37.95,12.766666666666666,16.400000000000002
2024-03-06,6.0,0.21488372093023256,0.0,0.0,44.0,49.04761904761905,39.4,14.85,20.833333333333332
2024-03-07,14.65,1.4706666666666666,0.0,0.0,43.0,49.523809523809526,39.35,25.633333333333336,37.35
2024-03-08,8.983333333333333,0.14442748091603055,0.0,0.0,40.0,46.23809523809524,32.5,18.516666666666666,27.883333333333336
2024-03-09,8.733333333333333,0.016587301587301585,0.0,0.0,37.0,44.526315789473685,28.055555555555557,19.849999999999998,28.0
2024-03-10,14.583333333333334,1.2317910447761193,0.0,0.0,45.0,49.04761904761905,35.2,25.833333333333332,37.016666666666666
2024-03-11,18.633333333333333,0.014032258064516129,0.0,0.0,39.0,48.142857142857146,31.3,32.85,51.15
2024-03-12,12.733333333333334,0.00015873015873015873,0.0,0.0,44.0,49.095238095238095,32.35,28.2,41.0
2024-03-13,6.55,7.874015748031496e-05,0.0,0.0,44.0,54.714285714285715,30.85,15.549999999999999,21.650000000000002
2024-03-14,4.55,0.0011811023622047244,0.0,0.0,43.0,57.04761904761905,32.25,13.366666666666667,17.7
2024-03-15,7.116666666666667,0.036349206349206346,0.0,0.0,42.0,52.095238095238095,36.473684210526315,16.883333333333336,24.150000000000002
2024-03-16,6.266666666666667,0.02024193548387097,0.0,0.0,44.0,51.45,34.26315789473684,16.966666666666665,22.650000000000002
2024-03-17,11.700000000000001,0.024146341463414635,0.0,0.0,48.0,58.7,38.26315789473684,26.666666666666668,36.63333333333333
2024-03-18,12.0,0.025966386554621846,0.0,0.0,45.0,55.0,35.45,24.433333333333334,33.85
2024-03-19,10.833333333333334,8.19672131147541e-05,0.0,0.0,40.0,48.38095238095238,31.047619047619047,24.5,34.38333333333333
2024-03-20,11.133333333333333,0.008306451612903226,0.0,0.0,42.0,50.476190476190474,31.142857142857142,29.016666666666666,44.53333333333333
2024-03-21,19.366666666666667,0.08032786885245902,0.0,0.0,34.0,46.095238095238095,26.476190476190474,32.18333333333333,47.25
2024-03-22,8.133333333333335,0.0001724137931034483,0.0,0.0,32.0,40.476190476190474,22.5,18.366666666666667,27.849999999999998
2024-03-23,10.733333333333334,0.42516949152542377,0.20793650793650792,0.1509433962264151,38.0,41.95,27.842105263157894,24.666666666666668,37.53333333333333
2024-03-24,11.233333333333334,2.1015079365079368,0.0,0.0,34.0,42.65,25.6,25.166666666666668,36.85
2024-03-25,14.116666666666667,0.016115702479338842,0.0,0.0,37.0,41.76190476190476,27.19047619047619,24.483333333333334,35.18333333333333
2024-03-26,12.65,0.004560000000000001,0.0,0.0,37.0,40.333333333333336,32.857142857142854,22.3,31.883333333333336
2024-03-27,4.433333333333334,0.061,0.0,0.0,42.0,47.57142857142857,35.61904761904762,12.883333333333333,18.033333333333335
2024-03-28,4.383333333333334,0.5532824427480917,0.0,0.0,46.0,53.25,40.89473684210526,13.916666666666666,20.333333333333332
2024-03-29,16.183333333333334,1.4970895522388061,0.0,0.0,45.0,50.68421052631579,37.27777777777778,29.983333333333334,45.81666666666666
2024-03-30,14.583333333333334,0.13520661157024794,0.0,0.0,46.0,52.68421052631579,37.111111111111114,27.333333333333332,42.98333333333333
2024-03-31,6.833333333333333,0.0003333333333333333,0.0,0.0,49.0,56.578947368421055,36.68421052631579,19.516666666666666,28.583333333333332
2024-04-01,3.72,0.0004,0.0,0.0,45.0,57.0,33.05263157894737,12.059999999999999,15.88
2024-04-02,8.440000000000001,0.004285714285714286,0.0,0.0,43.0,52.5,35.5,16.82,22.74
2024-04-03,15.02,0.11267175572519084,0.005555555555555556,0.0044444444444444444,41.0,46.95,36.15,27.18,41.78
2024-04-04,18.259999999999998,1.54275,0.7867647058823529,0.675,37.0,40.65,34.31578947368421,34.44,55.8
2024-04-05,11.1,0.5117213114754098,0.4365079365079365,0.7836734693877551,39.0,41.45,32.526315789473685,19.8,28.639999999999997
2024-04-06,9.98,0.029256198347107437,0.0014925373134328358,0.1469387755102041,41.0,44.4,34.526315789473685,20.56,30.82
2024-04-07,7.56,0.11897435897435897,0.0,0.0,40.0,45.8,33.25,17.26,24.860000000000003
2024-04-08,4.82,0.0006956521739130435,0.0,0.0,49.0,56.6,30.38888888888889,14.64,20.78
2024-04-09,6.540000000000001,0.00033057851239669424,0.0,0.0,54.0,64.5,35.388888888888886,15.66,21.78
2024-04-10,7.0200000000000005,0.003064516129032258,0.0,0.0,47.0,63.85,36.1578947368421,15.84,22.36
2024-04-11,6.16,0.044094488188976384,0.0,0.0,46.0,58.10526315789474,40.73684210526316,12.1,16.06
2024-04-12,14.76,0.6005600000000001,0.0,0.0,55.0,60.73684210526316,46.27777777777778,28.360000000000003,43.8
2024-04-13,12.62,0.3814406779661017,0.0,0.0,51.0,58.6,44.68421052631579,28.580000000000002,42.980000000000004
2024-04-14,8.86,0.01,0.0,0.0,51.0,58.94736842105263,42.166666666666664,24.16,33.82
2024-04-15,6.94,0.05008196721311476,0.0,0.0,56.0,65.9,40.68421052631579,25.6,38.019999999999996
2024-04-16,6.9799999999999995,0.005403225806451613,0.0,0.0,58.0,70.35,40.36842105263158,20.74,29.46
2024-04-17,7.56,0.00016129032258064516,0.0,0.0,49.0,63.85,40.45,17.259999999999998,23.2
2024-04-18,7.0200000000000005,0.012240000000000001,0.0,0.0,46.0,55.35,42.45,14.64,20.16
2024-04-19,8.64,0.16892307692307693,0.0,0.0,47.0,53.85,42.26315789473684,19.0,27.619999999999997
2024-04-20,7.779999999999999,0.11416,0.0,0.0,51.0,58.85,44.421052631578945,23.78,34.260000000000005
2024-04-21,8.64,0.24384,0.0,0.0,48.0,56.4,35.05,19.580000000000002,28.639999999999997
2024-04-22,7.62,0.0003846153846153846,0.0,0.0,48.0,55.15,33.2,20.78,29.619999999999997
2024-04-23,8.040000000000001,0.00023622047244094488,0.0,0.0,48.0,59.1,32.15,21.02,31.28
2024-04-24,11.120000000000001,0.003333333333333333,0.0,0.0,51.0,62.75,36.0,27.54,41.42
2024-04-25,6.8,0.024661654135338343,0.0,0.0,42.0,60.2,31.8,16.240000000000002,22.339999999999996
2024-04-26,6.44,0.0,0.0,0.0,45.0,56.0,29.57894736842105,15.440000000000001,21.54
2024-04-27,6.959999999999999,0.00016260162601626016,0.0,0.0,49.0,60.6,32.68421052631579,17.22,25.4
2024-04-28,7.92,0.033828125,0.0,0.0,54.0,67.0,40.0,17.26,23.96
2024-04-29,5.64,0.009344262295081968,0.0,0.0,59.0,69.42105263157895,47.31578947368421,16.82,22.98
2024-04-30,7.75,0.21733333333333332,0.0,0.0,51.0,64.42857142857143,48.23809523809524,17.150000000000002,22.849999999999998
